national_number,english_name,primary_type,secondary_type,against_normal,against_fire,against_water,against_electric,against_grass,against_ice,against_fighting,against_poison,against_ground,against_flying,against_psychict,against_bug,against_rock,against_ghost,against_dragon,against_dark,against_steel,against_fairy
1,Bulbasaur,grass,poison,1,2,0.5,0.5,0.25,2,0.5,1,1,2,2,1,1,1,1,1,1,0.5
2,Ivysaur,grass,poison,1,2,0.5,0.5,0.25,2,0.5,1,1,2,2,1,1,1,1,1,1,0.5
3,Venusaur,grass,poison,1,2,0.5,0.5,0.25,2,0.5,1,1,2,2,1,1,1,1,1,1,0.5
4,Charmander,fire,,1,0.5,2,1,0.5,0.5,1,1,2,1,1,0.5,2,1,1,1,0.5,0.5
5,Charmeleon,fire,,1,0.5,2,1,0.5,0.5,1,1,2,1,1,0.5,2,1,1,1,0.5,0.5
6,Charizard,fire,flying,1,0.5,2,2,0.25,1,0.5,1,0,1,1,0.25,4,1,1,1,0.5,0.5
7,Squirtle,water,,1,0.5,0.5,2,2,0.5,1,1,1,1,1,1,1,1,1,1,0.5,1
8,Wartortle,water,,1,0.5,0.5,2,2,0.5,1,1,1,1,1,1,1,1,1,1,0.5,1
9,Blastoise,water,,1,0.5,0.5,2,2,0.5,1,1,1,1,1,1,1,1,1,1,0.5,1
10,Caterpie,bug,,1,2,1,1,0.5,1,0.5,1,0.5,2,1,1,2,1,1,1,1,1
11,Metapod,bug,,1,2,1,1,0.5,1,0.5,1,0.5,2,1,1,2,1,1,1,1,1
12,Butterfree,bug,flying,1,2,1,2,0.25,2,0.25,1,0,2,1,0.5,4,1,1,1,1,1
13,Weedle,bug,poison,1,2,1,1,0.25,1,0.25,0.5,1,2,2,0.5,2,1,1,1,1,0.5
14,Kakuna,bug,poison,1,2,1,1,0.25,1,0.25,0.5,1,2,2,0.5,2,1,1,1,1,0.5
15,Beedrill,bug,poison,1,2,1,1,0.25,1,0.25,0.5,1,2,2,0.5,2,1,1,1,1,0.5
16,Pidgey,normal,flying,1,1,1,2,0.5,2,1,1,0,1,1,0.5,2,0,1,1,1,1
17,Pidgeotto,normal,flying,1,1,1,2,0.5,2,1,1,0,1,1,0.5,2,0,1,1,1,1
18,Pidgeot,normal,flying,1,1,1,2,0.5,2,1,1,0,1,1,0.5,2,0,1,1,1,1
19,Rattata,normal,dark,1,1,1,1,1,1,2,1,1,1,1,1,1,0,1,1,1,1
20,Raticate,normal,dark,1,1,1,1,1,1,2,1,1,1,1,1,1,0,1,1,1,1
21,Spearow,normal,flying,1,1,1,2,0.5,2,1,1,0,1,1,0.5,2,0,1,1,1,1
22,Fearow,normal,flying,1,1,1,2,0.5,2,1,1,0,1,1,0.5,2,0,1,1,1,1
23,Ekans,poison,,1,1,1,1,0.5,1,0.5,0.5,2,1,2,0.5,1,1,1,1,1,0.5
24,Arbok,poison,,1,1,1,1,0.5,1,0.5,0.5,2,1,2,0.5,1,1,1,1,1,0.5
25,Pikachu,electric,,1,1,1,0.5,1,1,1,1,2,0.5,1,1,1,1,1,1,0.5,1
26,Raichu,electric,electric,1,1,1,0.5,1,1,1,1,2,0.5,1,1,1,1,1,1,0.5,1
27,Sandshrew,ground,ice,1,1,2,0,2,2,1,0.5,1,1,1,1,0.5,1,1,1,1,1
28,Sandslash,ground,ice,1,1,2,0,2,2,1,0.5,1,1,1,1,0.5,1,1,1,1,1
29,Nidoran♀,poison,,1,1,1,1,0.5,1,0.5,0.5,2,1,2,0.5,1,1,1,1,1,0.5
30,Nidorina,poison,,1,1,1,1,0.5,1,0.5,0.5,2,1,2,0.5,1,1,1,1,1,0.5
31,Nidoqueen,poison,ground,1,1,2,0,1,2,0.5,0.25,2,1,2,0.5,0.5,1,1,1,1,0.5
32,Nidoran♂,poison,,1,1,1,1,0.5,1,0.5,0.5,2,1,2,0.5,1,1,1,1,1,0.5
33,Nidorino,poison,,1,1,1,1,0.5,1,0.5,0.5,2,1,2,0.5,1,1,1,1,1,0.5
34,Nidoking,poison,ground,1,1,2,0,1,2,0.5,0.25,2,1,2,0.5,0.5,1,1,1,1,0.5
35,Clefairy,fairy,,1,1,1,1,1,1,0.5,2,1,1,1,0.5,1,1,0,0.5,2,1
36,Clefable,fairy,,1,1,1,1,1,1,0.5,2,1,1,1,0.5,1,1,0,0.5,2,1
37,Vulpix,fire,ice,1,0.5,2,1,0.5,0.5,1,1,2,1,1,0.5,2,1,1,1,0.5,0.5
38,Ninetales,fire,ice,1,0.5,2,1,0.5,0.5,1,1,2,1,1,0.5,2,1,1,1,0.5,0.5
39,Jigglypuff,normal,fairy,1,1,1,1,1,1,1,2,1,1,1,0.5,1,0,0,0.5,2,1
40,Wigglytuff,normal,fairy,1,1,1,1,1,1,1,2,1,1,1,0.5,1,0,0,0.5,2,1
41,Zubat,poison,flying,1,1,1,2,0.25,2,0.25,0.5,0,1,2,0.25,2,1,1,1,1,0.5
42,Golbat,poison,flying,1,1,1,2,0.25,2,0.25,0.5,0,1,2,0.25,2,1,1,1,1,0.5
43,Oddish,grass,poison,1,2,0.5,0.5,0.25,2,0.5,1,1,2,2,1,1,1,1,1,1,0.5
44,Gloom,grass,poison,1,2,0.5,0.5,0.25,2,0.5,1,1,2,2,1,1,1,1,1,1,0.5
45,Vileplume,grass,poison,1,2,0.5,0.5,0.25,2,0.5,1,1,2,2,1,1,1,1,1,1,0.5
46,Paras,bug,grass,1,4,0.5,0.5,0.25,2,0.5,2,0.25,4,1,2,2,1,1,1,1,1
47,Parasect,bug,grass,1,4,0.5,0.5,0.25,2,0.5,2,0.25,4,1,2,2,1,1,1,1,1
48,Venonat,bug,poison,1,2,1,1,0.25,1,0.25,0.5,1,2,2,0.5,2,1,1,1,1,0.5
49,Venomoth,bug,poison,1,2,1,1,0.25,1,0.25,0.5,1,2,2,0.5,2,1,1,1,1,0.5
50,Diglett,ground,ground,1,1,2,0,2,2,1,0.5,1,1,1,1,0.5,1,1,1,1,1
51,Dugtrio,ground,ground,1,1,2,0,2,2,1,0.5,1,1,1,1,0.5,1,1,1,1,1
52,Meowth,normal,dark,1,1,1,1,1,1,2,1,1,1,1,1,1,0,1,1,1,1
53,Persian,normal,dark,1,1,1,1,1,1,2,1,1,1,1,1,1,0,1,1,1,1
54,Psyduck,water,,1,0.5,0.5,2,2,0.5,1,1,1,1,1,1,1,1,1,1,0.5,1
55,Golduck,water,,1,0.5,0.5,2,2,0.5,1,1,1,1,1,1,1,1,1,1,0.5,1
56,Mankey,fighting,,1,1,1,1,1,1,1,1,1,2,2,0.5,0.5,1,1,0.5,1,2
57,Primeape,fighting,,1,1,1,1,1,1,1,1,1,2,2,0.5,0.5,1,1,0.5,1,2
58,Growlithe,fire,,1,0.5,2,1,0.5,0.5,1,1,2,1,1,0.5,2,1,1,1,0.5,0.5
59,Arcanine,fire,,1,0.5,2,1,0.5,0.5,1,1,2,1,1,0.5,2,1,1,1,0.5,0.5
60,Poliwag,water,,1,0.5,0.5,2,2,0.5,1,1,1,1,1,1,1,1,1,1,0.5,1
61,Poliwhirl,water,,1,0.5,0.5,2,2,0.5,1,1,1,1,1,1,1,1,1,1,0.5,1
62,Poliwrath,water,fighting,1,0.5,0.5,2,2,0.5,1,1,1,2,2,0.5,0.5,1,1,0.5,0.5,2
63,Abra,psychic,,1,1,1,1,1,1,0.5,1,1,1,0.5,2,1,2,1,2,1,1
64,Kadabra,psychic,,1,1,1,1,1,1,0.5,1,1,1,0.5,2,1,2,1,2,1,1
65,Alakazam,psychic,,1,1,1,1,1,1,0.5,1,1,1,0.5,2,1,2,1,2,1,1
66,Machop,fighting,,1,1,1,1,1,1,1,1,1,2,2,0.5,0.5,1,1,0.5,1,2
67,Machoke,fighting,,1,1,1,1,1,1,1,1,1,2,2,0.5,0.5,1,1,0.5,1,2
68,Machamp,fighting,,1,1,1,1,1,1,1,1,1,2,2,0.5,0.5,1,1,0.5,1,2
69,Bellsprout,grass,poison,1,2,0.5,0.5,0.25,2,0.5,1,1,2,2,1,1,1,1,1,1,0.5
70,Weepinbell,grass,poison,1,2,0.5,0.5,0.25,2,0.5,1,1,2,2,1,1,1,1,1,1,0.5
71,Victreebel,grass,poison,1,2,0.5,0.5,0.25,2,0.5,1,1,2,2,1,1,1,1,1,1,0.5
72,Tentacool,water,poison,1,0.5,0.5,2,1,0.5,0.5,0.5,2,1,2,0.5,1,1,1,1,0.5,0.5
73,Tentacruel,water,poison,1,0.5,0.5,2,1,0.5,0.5,0.5,2,1,2,0.5,1,1,1,1,0.5,0.5
74,Geodude,rock,ground,0.5,0.5,4,0,4,2,2,0.25,2,0.5,1,1,0.5,1,1,1,2,1
75,Graveler,rock,ground,0.5,0.5,4,0,4,2,2,0.25,2,0.5,1,1,0.5,1,1,1,2,1
76,Golem,rock,ground,0.5,0.5,4,0,4,2,2,0.25,2,0.5,1,1,0.5,1,1,1,2,1
77,Ponyta,fire,psychic,1,0.5,2,1,0.5,0.5,1,1,2,1,1,0.5,2,1,1,1,0.5,0.5
78,Rapidash,fire,psychic,1,0.5,2,1,0.5,0.5,1,1,2,1,1,0.5,2,1,1,1,0.5,0.5
79,Slowpoke,water,psychic,1,0.5,0.5,2,2,0.5,0.5,1,1,1,0.5,2,1,2,1,2,0.5,1
80,Slowbro,water,psychic,1,0.5,0.5,2,2,0.5,0.5,1,1,1,0.5,2,1,2,1,2,0.5,1
81,Magnemite,electric,steel,0.5,2,1,0.5,0.5,0.5,2,0,4,0.25,0.5,0.5,0.5,1,0.5,1,0.25,0.5
82,Magneton,electric,steel,0.5,2,1,0.5,0.5,0.5,2,0,4,0.25,0.5,0.5,0.5,1,0.5,1,0.25,0.5
83,Farfetch'd,normal,flying,1,1,1,2,0.5,2,1,1,0,1,1,0.5,2,0,1,1,1,1
84,Doduo,normal,flying,1,1,1,2,0.5,2,1,1,0,1,1,0.5,2,0,1,1,1,1
85,Dodrio,normal,flying,1,1,1,2,0.5,2,1,1,0,1,1,0.5,2,0,1,1,1,1
86,Seel,water,,1,0.5,0.5,2,2,0.5,1,1,1,1,1,1,1,1,1,1,0.5,1
87,Dewgong,water,ice,1,1,0.5,2,2,0.25,2,1,1,1,1,1,2,1,1,1,1,1
88,Grimer,poison,poison,1,1,1,1,0.5,1,0.5,0.5,2,1,2,0.5,1,1,1,1,1,0.5
89,Muk,poison,poison,1,1,1,1,0.5,1,0.5,0.5,2,1,2,0.5,1,1,1,1,1,0.5
90,Shellder,water,,1,0.5,0.5,2,2,0.5,1,1,1,1,1,1,1,1,1,1,0.5,1
91,Cloyster,water,ice,1,1,0.5,2,2,0.25,2,1,1,1,1,1,2,1,1,1,1,1
92,Gastly,ghost,poison,0,1,1,1,0.5,1,0,0.25,2,1,2,0.25,1,2,1,2,1,0.5
93,Haunter,ghost,poison,0,1,1,1,0.5,1,0,0.25,2,1,2,0.25,1,2,1,2,1,0.5
94,Gengar,ghost,poison,0,1,1,1,0.5,1,0,0.25,2,1,2,0.25,1,2,1,2,1,0.5
95,Onix,rock,ground,0.5,0.5,4,0,4,2,2,0.25,2,0.5,1,1,0.5,1,1,1,2,1
96,Drowzee,psychic,,1,1,1,1,1,1,0.5,1,1,1,0.5,2,1,2,1,2,1,1
97,Hypno,psychic,,1,1,1,1,1,1,0.5,1,1,1,0.5,2,1,2,1,2,1,1
98,Krabby,water,,1,0.5,0.5,2,2,0.5,1,1,1,1,1,1,1,1,1,1,0.5,1
99,Kingler,water,,1,0.5,0.5,2,2,0.5,1,1,1,1,1,1,1,1,1,1,0.5,1
100,Voltorb,electric,,1,1,1,0.5,1,1,1,1,2,0.5,1,1,1,1,1,1,0.5,1
101,Electrode,electric,,1,1,1,0.5,1,1,1,1,2,0.5,1,1,1,1,1,1,0.5,1
102,Exeggcute,grass,psychic,1,2,0.5,0.5,0.5,2,0.5,2,0.5,2,0.5,4,1,2,1,2,1,1
103,Exeggutor,grass,psychic,1,2,0.5,0.5,0.5,2,0.5,2,0.5,2,0.5,4,1,2,1,2,1,1
104,Cubone,ground,,1,1,2,0,2,2,1,0.5,1,1,1,1,0.5,1,1,1,1,1
105,Marowak,ground,fire,1,1,2,0,2,2,1,0.5,1,1,1,1,0.5,1,1,1,1,1
106,Hitmonlee,fighting,,1,1,1,1,1,1,1,1,1,2,2,0.5,0.5,1,1,0.5,1,2
107,Hitmonchan,fighting,,1,1,1,1,1,1,1,1,1,2,2,0.5,0.5,1,1,0.5,1,2
108,Lickitung,normal,,1,1,1,1,1,1,2,1,1,1,1,1,1,0,1,1,1,1
109,Koffing,poison,,1,1,1,1,0.5,1,0.5,0.5,2,1,2,0.5,1,1,1,1,1,0.5
110,Weezing,poison,poison,1,1,1,1,0.5,1,0.5,0.5,2,1,2,0.5,1,1,1,1,1,0.5
111,Rhyhorn,ground,rock,0.5,0.5,4,0,4,2,2,0.25,2,0.5,1,1,0.5,1,1,1,2,1
112,Rhydon,ground,rock,0.5,0.5,4,0,4,2,2,0.25,2,0.5,1,1,0.5,1,1,1,2,1
113,Chansey,normal,,1,1,1,1,1,1,2,1,1,1,1,1,1,0,1,1,1,1
114,Tangela,grass,,1,2,0.5,0.5,0.5,2,1,2,0.5,2,1,2,1,1,1,1,1,1
115,Kangaskhan,normal,,1,1,1,1,1,1,2,1,1,1,1,1,1,0,1,1,1,1
116,Horsea,water,,1,0.5,0.5,2,2,0.5,1,1,1,1,1,1,1,1,1,1,0.5,1
117,Seadra,water,,1,0.5,0.5,2,2,0.5,1,1,1,1,1,1,1,1,1,1,0.5,1
118,Goldeen,water,,1,0.5,0.5,2,2,0.5,1,1,1,1,1,1,1,1,1,1,0.5,1
119,Seaking,water,,1,0.5,0.5,2,2,0.5,1,1,1,1,1,1,1,1,1,1,0.5,1
120,Staryu,water,,1,0.5,0.5,2,2,0.5,1,1,1,1,1,1,1,1,1,1,0.5,1
121,Starmie,water,psychic,1,0.5,0.5,2,2,0.5,0.5,1,1,1,0.5,2,1,2,1,2,0.5,1
122,Mr. Mime,psychic,fairy,1,1,1,1,1,1,0.25,2,1,1,0.5,1,1,2,0,1,2,1
123,Scyther,bug,flying,1,2,1,2,0.25,2,0.25,1,0,2,1,0.5,4,1,1,1,1,1
124,Jynx,ice,psychic,1,2,1,1,1,0.5,1,1,1,1,0.5,2,2,2,1,2,2,1
125,Electabuzz,electric,,1,1,1,0.5,1,1,1,1,2,0.5,1,1,1,1,1,1,0.5,1
126,Magmar,fire,,1,0.5,2,1,0.5,0.5,1,1,2,1,1,0.5,2,1,1,1,0.5,0.5
127,Pinsir,bug,,1,2,1,1,0.5,1,0.5,1,0.5,2,1,1,2,1,1,1,1,1
128,Tauros,normal,,1,1,1,1,1,1,2,1,1,1,1,1,1,0,1,1,1,1
129,Magikarp,water,,1,0.5,0.5,2,2,0.5,1,1,1,1,1,1,1,1,1,1,0.5,1
130,Gyarados,water,flying,1,0.5,0.5,4,1,1,0.5,1,0,1,1,0.5,2,1,1,1,0.5,1
131,Lapras,water,ice,1,1,0.5,2,2,0.25,2,1,1,1,1,1,2,1,1,1,1,1
132,Ditto,normal,,1,1,1,1,1,1,2,1,1,1,1,1,1,0,1,1,1,1
133,Eevee,normal,,1,1,1,1,1,1,2,1,1,1,1,1,1,0,1,1,1,1
134,Vaporeon,water,,1,0.5,0.5,2,2,0.5,1,1,1,1,1,1,1,1,1,1,0.5,1
135,Jolteon,electric,,1,1,1,0.5,1,1,1,1,2,0.5,1,1,1,1,1,1,0.5,1
136,Flareon,fire,,1,0.5,2,1,0.5,0.5,1,1,2,1,1,0.5,2,1,1,1,0.5,0.5
137,Porygon,normal,,1,1,1,1,1,1,2,1,1,1,1,1,1,0,1,1,1,1
138,Omanyte,rock,water,0.5,0.25,1,2,4,0.5,2,0.5,2,0.5,1,1,1,1,1,1,1,1
139,Omastar,rock,water,0.5,0.25,1,2,4,0.5,2,0.5,2,0.5,1,1,1,1,1,1,1,1
140,Kabuto,rock,water,0.5,0.25,1,2,4,0.5,2,0.5,2,0.5,1,1,1,1,1,1,1,1
141,Kabutops,rock,water,0.5,0.25,1,2,4,0.5,2,0.5,2,0.5,1,1,1,1,1,1,1,1
142,Aerodactyl,rock,flying,0.5,0.5,2,2,1,2,1,0.5,0,0.5,1,0.5,2,1,1,1,2,1
143,Snorlax,normal,,1,1,1,1,1,1,2,1,1,1,1,1,1,0,1,1,1,1
144,Articuno,ice,flying,1,2,1,2,0.5,1,1,1,0,1,1,0.5,4,1,1,1,2,1
145,Zapdos,electric,flying,1,1,1,1,0.5,2,0.5,1,0,0.5,1,0.5,2,1,1,1,0.5,1
146,Moltres,fire,flying,1,0.5,2,2,0.25,1,0.5,1,0,1,1,0.25,4,1,1,1,0.5,0.5
147,Dratini,dragon,,1,0.5,0.5,0.5,0.5,2,1,1,1,1,1,1,1,1,2,1,1,2
148,Dragonair,dragon,,1,0.5,0.5,0.5,0.5,2,1,1,1,1,1,1,1,1,2,1,1,2
149,Dragonite,dragon,flying,1,0.5,0.5,1,0.25,4,0.5,1,0,1,1,0.5,2,1,2,1,1,2
150,Mewtwo,psychic,,1,1,1,1,1,1,0.5,1,1,1,0.5,2,1,2,1,2,1,1
151,Mew,psychic,,1,1,1,1,1,1,0.5,1,1,1,0.5,2,1,2,1,2,1,1
152,Chikorita,grass,,1,2,0.5,0.5,0.5,2,1,2,0.5,2,1,2,1,1,1,1,1,1
153,Bayleef,grass,,1,2,0.5,0.5,0.5,2,1,2,0.5,2,1,2,1,1,1,1,1,1
154,Meganium,grass,,1,2,0.5,0.5,0.5,2,1,2,0.5,2,1,2,1,1,1,1,1,1
155,Cyndaquil,fire,,1,0.5,2,1,0.5,0.5,1,1,2,1,1,0.5,2,1,1,1,0.5,0.5
156,Quilava,fire,,1,0.5,2,1,0.5,0.5,1,1,2,1,1,0.5,2,1,1,1,0.5,0.5
157,Typhlosion,fire,,1,0.5,2,1,0.5,0.5,1,1,2,1,1,0.5,2,1,1,1,0.5,0.5
158,Totodile,water,,1,0.5,0.5,2,2,0.5,1,1,1,1,1,1,1,1,1,1,0.5,1
159,Croconaw,water,,1,0.5,0.5,2,2,0.5,1,1,1,1,1,1,1,1,1,1,0.5,1
160,Feraligatr,water,,1,0.5,0.5,2,2,0.5,1,1,1,1,1,1,1,1,1,1,0.5,1
161,Sentret,normal,,1,1,1,1,1,1,2,1,1,1,1,1,1,0,1,1,1,1
162,Furret,normal,,1,1,1,1,1,1,2,1,1,1,1,1,1,0,1,1,1,1
163,Hoothoot,normal,flying,1,1,1,2,0.5,2,1,1,0,1,1,0.5,2,0,1,1,1,1
164,Noctowl,normal,flying,1,1,1,2,0.5,2,1,1,0,1,1,0.5,2,0,1,1,1,1
165,Ledyba,bug,flying,1,2,1,2,0.25,2,0.25,1,0,2,1,0.5,4,1,1,1,1,1
166,Ledian,bug,flying,1,2,1,2,0.25,2,0.25,1,0,2,1,0.5,4,1,1,1,1,1
167,Spinarak,bug,poison,1,2,1,1,0.25,1,0.25,0.5,1,2,2,0.5,2,1,1,1,1,0.5
168,Ariados,bug,poison,1,2,1,1,0.25,1,0.25,0.5,1,2,2,0.5,2,1,1,1,1,0.5
169,Crobat,poison,flying,1,1,1,2,0.25,2,0.25,0.5,0,1,2,0.25,2,1,1,1,1,0.5
170,Chinchou,water,electric,1,0.5,0.5,1,2,0.5,1,1,2,0.5,1,1,1,1,1,1,0.25,1
171,Lanturn,water,electric,1,0.5,0.5,1,2,0.5,1,1,2,0.5,1,1,1,1,1,1,0.25,1
172,Pichu,electric,,1,1,1,0.5,1,1,1,1,2,0.5,1,1,1,1,1,1,0.5,1
173,Cleffa,fairy,,1,1,1,1,1,1,0.5,2,1,1,1,0.5,1,1,0,0.5,2,1
174,Igglybuff,normal,fairy,1,1,1,1,1,1,1,2,1,1,1,0.5,1,0,0,0.5,2,1
175,Togepi,fairy,,1,1,1,1,1,1,0.5,2,1,1,1,0.5,1,1,0,0.5,2,1
176,Togetic,fairy,flying,1,1,1,2,0.5,2,0.25,2,0,1,1,0.25,2,1,0,0.5,2,1
177,Natu,psychic,flying,1,1,1,2,0.5,2,0.25,1,0,1,0.5,1,2,2,1,2,1,1
178,Xatu,psychic,flying,1,1,1,2,0.5,2,0.25,1,0,1,0.5,1,2,2,1,2,1,1
179,Mareep,electric,,1,1,1,0.5,1,1,1,1,2,0.5,1,1,1,1,1,1,0.5,1
180,Flaaffy,electric,,1,1,1,0.5,1,1,1,1,2,0.5,1,1,1,1,1,1,0.5,1
181,Ampharos,electric,,1,1,1,0.5,1,1,1,1,2,0.5,1,1,1,1,1,1,0.5,1
182,Bellossom,grass,,1,2,0.5,0.5,0.5,2,1,2,0.5,2,1,2,1,1,1,1,1,1
183,Marill,water,fairy,1,0.5,0.5,2,2,0.5,0.5,2,1,1,1,0.5,1,1,0,0.5,1,1
184,Azumarill,water,fairy,1,0.5,0.5,2,2,0.5,0.5,2,1,1,1,0.5,1,1,0,0.5,1,1
185,Sudowoodo,rock,,0.5,0.5,2,1,2,1,2,0.5,2,0.5,1,1,1,1,1,1,2,1
186,Politoed,water,,1,0.5,0.5,2,2,0.5,1,1,1,1,1,1,1,1,1,1,0.5,1
187,Hoppip,grass,flying,1,2,0.5,1,0.25,4,0.5,2,0,2,1,1,2,1,1,1,1,1
188,Skiploom,grass,flying,1,2,0.5,1,0.25,4,0.5,2,0,2,1,1,2,1,1,1,1,1
189,Jumpluff,grass,flying,1,2,0.5,1,0.25,4,0.5,2,0,2,1,1,2,1,1,1,1,1
190,Aipom,normal,,1,1,1,1,1,1,2,1,1,1,1,1,1,0,1,1,1,1
191,Sunkern,grass,,1,2,0.5,0.5,0.5,2,1,2,0.5,2,1,2,1,1,1,1,1,1
192,Sunflora,grass,,1,2,0.5,0.5,0.5,2,1,2,0.5,2,1,2,1,1,1,1,1,1
193,Yanma,bug,flying,1,2,1,2,0.25,2,0.25,1,0,2,1,0.5,4,1,1,1,1,1
194,Wooper,water,ground,1,0.5,1,0,4,1,1,0.5,1,1,1,1,0.5,1,1,1,0.5,1
195,Quagsire,water,ground,1,0.5,1,0,4,1,1,0.5,1,1,1,1,0.5,1,1,1,0.5,1
196,Espeon,psychic,,1,1,1,1,1,1,0.5,1,1,1,0.5,2,1,2,1,2,1,1
197,Umbreon,dark,,1,1,1,1,1,1,2,1,1,1,0,2,1,0.5,1,0.5,1,2
198,Murkrow,dark,flying,1,1,1,2,0.5,2,1,1,0,1,0,1,2,0.5,1,0.5,1,2
199,Slowking,water,psychic,1,0.5,0.5,2,2,0.5,0.5,1,1,1,0.5,2,1,2,1,2,0.5,1
200,Misdreavus,ghost,,0,1,1,1,1,1,0,0.5,1,1,1,0.5,1,2,1,2,1,1
201,Unown,psychic,,1,1,1,1,1,1,0.5,1,1,1,0.5,2,1,2,1,2,1,1
202,Wobbuffet,psychic,,1,1,1,1,1,1,0.5,1,1,1,0.5,2,1,2,1,2,1,1
203,Girafarig,normal,psychic,1,1,1,1,1,1,1,1,1,1,0.5,2,1,0,1,2,1,1
204,Pineco,bug,,1,2,1,1,0.5,1,0.5,1,0.5,2,1,1,2,1,1,1,1,1
205,Forretress,bug,steel,0.5,4,1,1,0.25,0.5,1,0,1,1,0.5,0.5,1,1,0.5,1,0.5,0.5
206,Dunsparce,normal,,1,1,1,1,1,1,2,1,1,1,1,1,1,0,1,1,1,1
207,Gligar,ground,flying,1,1,2,0,1,4,0.5,0.5,0,1,1,0.5,1,1,1,1,1,1
208,Steelix,steel,ground,0.5,2,2,0,1,1,2,0,2,0.5,0.5,0.5,0.25,1,0.5,1,0.5,0.5
209,Snubbull,fairy,,1,1,1,1,1,1,0.5,2,1,1,1,0.5,1,1,0,0.5,2,1
210,Granbull,fairy,,1,1,1,1,1,1,0.5,2,1,1,1,0.5,1,1,0,0.5,2,1
211,Qwilfish,water,poison,1,0.5,0.5,2,1,0.5,0.5,0.5,2,1,2,0.5,1,1,1,1,0.5,0.5
212,Scizor,bug,steel,0.5,4,1,1,0.25,0.5,1,0,1,1,0.5,0.5,1,1,0.5,1,0.5,0.5
213,Shuckle,bug,rock,0.5,1,2,1,1,1,1,0.5,1,1,1,1,2,1,1,1,2,1
214,Heracross,bug,fighting,1,2,1,1,0.5,1,0.5,1,0.5,4,2,0.5,1,1,1,0.5,1,2
215,Sneasel,dark,ice,1,2,1,1,1,0.5,4,1,1,1,0,2,2,0.5,1,0.5,2,2
216,Teddiursa,normal,,1,1,1,1,1,1,2,1,1,1,1,1,1,0,1,1,1,1
217,Ursaring,normal,,1,1,1,1,1,1,2,1,1,1,1,1,1,0,1,1,1,1
218,Slugma,fire,,1,0.5,2,1,0.5,0.5,1,1,2,1,1,0.5,2,1,1,1,0.5,0.5
219,Magcargo,fire,rock,0.5,0.25,4,1,1,0.5,2,0.5,4,0.5,1,0.5,2,1,1,1,1,0.5
220,Swinub,ice,ground,1,2,2,0,2,1,2,0.5,1,1,1,1,1,1,1,1,2,1
221,Piloswine,ice,ground,1,2,2,0,2,1,2,0.5,1,1,1,1,1,1,1,1,2,1
222,Corsola,water,rock,0.5,0.25,1,2,4,0.5,2,0.5,2,0.5,1,1,1,1,1,1,1,1
223,Remoraid,water,,1,0.5,0.5,2,2,0.5,1,1,1,1,1,1,1,1,1,1,0.5,1
224,Octillery,water,,1,0.5,0.5,2,2,0.5,1,1,1,1,1,1,1,1,1,1,0.5,1
225,Delibird,ice,flying,1,2,1,2,0.5,1,1,1,0,1,1,0.5,4,1,1,1,2,1
226,Mantine,water,flying,1,0.5,0.5,4,1,1,0.5,1,0,1,1,0.5,2,1,1,1,0.5,1
227,Skarmory,steel,flying,0.5,2,1,2,0.25,1,1,0,0,0.5,0.5,0.25,1,1,0.5,1,0.5,0.5
228,Houndour,dark,fire,1,0.5,2,1,0.5,0.5,2,1,2,1,0,1,2,0.5,1,0.5,0.5,1
229,Houndoom,dark,fire,1,0.5,2,1,0.5,0.5,2,1,2,1,0,1,2,0.5,1,0.5,0.5,1
230,Kingdra,water,dragon,1,0.25,0.25,1,1,1,1,1,1,1,1,1,1,1,2,1,0.5,2
231,Phanpy,ground,,1,1,2,0,2,2,1,0.5,1,1,1,1,0.5,1,1,1,1,1
232,Donphan,ground,,1,1,2,0,2,2,1,0.5,1,1,1,1,0.5,1,1,1,1,1
233,Porygon2,normal,,1,1,1,1,1,1,2,1,1,1,1,1,1,0,1,1,1,1
234,Stantler,normal,,1,1,1,1,1,1,2,1,1,1,1,1,1,0,1,1,1,1
235,Smeargle,normal,,1,1,1,1,1,1,2,1,1,1,1,1,1,0,1,1,1,1
236,Tyrogue,fighting,,1,1,1,1,1,1,1,1,1,2,2,0.5,0.5,1,1,0.5,1,2
237,Hitmontop,fighting,,1,1,1,1,1,1,1,1,1,2,2,0.5,0.5,1,1,0.5,1,2
238,Smoochum,ice,psychic,1,2,1,1,1,0.5,1,1,1,1,0.5,2,2,2,1,2,2,1
239,Elekid,electric,,1,1,1,0.5,1,1,1,1,2,0.5,1,1,1,1,1,1,0.5,1
240,Magby,fire,,1,0.5,2,1,0.5,0.5,1,1,2,1,1,0.5,2,1,1,1,0.5,0.5
241,Miltank,normal,,1,1,1,1,1,1,2,1,1,1,1,1,1,0,1,1,1,1
242,Blissey,normal,,1,1,1,1,1,1,2,1,1,1,1,1,1,0,1,1,1,1
243,Raikou,electric,,1,1,1,0.5,1,1,1,1,2,0.5,1,1,1,1,1,1,0.5,1
244,Entei,fire,,1,0.5,2,1,0.5,0.5,1,1,2,1,1,0.5,2,1,1,1,0.5,0.5
245,Suicune,water,,1,0.5,0.5,2,2,0.5,1,1,1,1,1,1,1,1,1,1,0.5,1
246,Larvitar,rock,ground,0.5,0.5,4,0,4,2,2,0.25,2,0.5,1,1,0.5,1,1,1,2,1
247,Pupitar,rock,ground,0.5,0.5,4,0,4,2,2,0.25,2,0.5,1,1,0.5,1,1,1,2,1
248,Tyranitar,rock,dark,0.5,0.5,2,1,2,1,4,0.5,2,0.5,0,2,1,0.5,1,0.5,2,2
249,Lugia,psychic,flying,1,1,1,2,0.5,2,0.25,1,0,1,0.5,1,2,2,1,2,1,1
250,Ho-Oh,fire,flying,1,0.5,2,2,0.25,1,0.5,1,0,1,1,0.25,4,1,1,1,0.5,0.5
251,Celebi,psychic,grass,1,2,0.5,0.5,0.5,2,0.5,2,0.5,2,0.5,4,1,2,1,2,1,1
252,Treecko,grass,,1,2,0.5,0.5,0.5,2,1,2,0.5,2,1,2,1,1,1,1,1,1
253,Grovyle,grass,,1,2,0.5,0.5,0.5,2,1,2,0.5,2,1,2,1,1,1,1,1,1
254,Sceptile,grass,,1,2,0.5,0.5,0.5,2,1,2,0.5,2,1,2,1,1,1,1,1,1
255,Torchic,fire,,1,0.5,2,1,0.5,0.5,1,1,2,1,1,0.5,2,1,1,1,0.5,0.5
256,Combusken,fire,fighting,1,0.5,2,1,0.5,0.5,1,1,2,2,2,0.25,1,1,1,0.5,0.5,1
257,Blaziken,fire,fighting,1,0.5,2,1,0.5,0.5,1,1,2,2,2,0.25,1,1,1,0.5,0.5,1
258,Mudkip,water,,1,0.5,0.5,2,2,0.5,1,1,1,1,1,1,1,1,1,1,0.5,1
259,Marshtomp,water,ground,1,0.5,1,0,4,1,1,0.5,1,1,1,1,0.5,1,1,1,0.5,1
260,Swampert,water,ground,1,0.5,1,0,4,1,1,0.5,1,1,1,1,0.5,1,1,1,0.5,1
261,Poochyena,dark,,1,1,1,1,1,1,2,1,1,1,0,2,1,0.5,1,0.5,1,2
262,Mightyena,dark,,1,1,1,1,1,1,2,1,1,1,0,2,1,0.5,1,0.5,1,2
263,Zigzagoon,normal,dark,1,1,1,1,1,1,2,1,1,1,1,1,1,0,1,1,1,1
264,Linoone,normal,dark,1,1,1,1,1,1,2,1,1,1,1,1,1,0,1,1,1,1
265,Wurmple,bug,,1,2,1,1,0.5,1,0.5,1,0.5,2,1,1,2,1,1,1,1,1
266,Silcoon,bug,,1,2,1,1,0.5,1,0.5,1,0.5,2,1,1,2,1,1,1,1,1
267,Beautifly,bug,flying,1,2,1,2,0.25,2,0.25,1,0,2,1,0.5,4,1,1,1,1,1
268,Cascoon,bug,,1,2,1,1,0.5,1,0.5,1,0.5,2,1,1,2,1,1,1,1,1
269,Dustox,bug,poison,1,2,1,1,0.25,1,0.25,0.5,1,2,2,0.5,2,1,1,1,1,0.5
270,Lotad,water,grass,1,1,0.25,1,1,1,1,2,0.5,2,1,2,1,1,1,1,0.5,1
271,Lombre,water,grass,1,1,0.25,1,1,1,1,2,0.5,2,1,2,1,1,1,1,0.5,1
272,Ludicolo,water,grass,1,1,0.25,1,1,1,1,2,0.5,2,1,2,1,1,1,1,0.5,1
273,Seedot,grass,,1,2,0.5,0.5,0.5,2,1,2,0.5,2,1,2,1,1,1,1,1,1
274,Nuzleaf,grass,dark,1,2,0.5,0.5,0.5,2,2,2,0.5,2,0,4,1,0.5,1,0.5,1,2
275,Shiftry,grass,dark,1,2,0.5,0.5,0.5,2,2,2,0.5,2,0,4,1,0.5,1,0.5,1,2
276,Taillow,normal,flying,1,1,1,2,0.5,2,1,1,0,1,1,0.5,2,0,1,1,1,1
277,Swellow,normal,flying,1,1,1,2,0.5,2,1,1,0,1,1,0.5,2,0,1,1,1,1
278,Wingull,water,flying,1,0.5,0.5,4,1,1,0.5,1,0,1,1,0.5,2,1,1,1,0.5,1
279,Pelipper,water,flying,1,0.5,0.5,4,1,1,0.5,1,0,1,1,0.5,2,1,1,1,0.5,1
280,Ralts,psychic,fairy,1,1,1,1,1,1,0.25,2,1,1,0.5,1,1,2,0,1,2,1
281,Kirlia,psychic,fairy,1,1,1,1,1,1,0.25,2,1,1,0.5,1,1,2,0,1,2,1
282,Gardevoir,psychic,fairy,1,1,1,1,1,1,0.25,2,1,1,0.5,1,1,2,0,1,2,1
283,Surskit,bug,water,1,1,0.5,2,1,0.5,0.5,1,0.5,2,1,1,2,1,1,1,0.5,1
284,Masquerain,bug,flying,1,2,1,2,0.25,2,0.25,1,0,2,1,0.5,4,1,1,1,1,1
285,Shroomish,grass,,1,2,0.5,0.5,0.5,2,1,2,0.5,2,1,2,1,1,1,1,1,1
286,Breloom,grass,fighting,1,2,0.5,0.5,0.5,2,1,2,0.5,4,2,1,0.5,1,1,0.5,1,2
287,Slakoth,normal,,1,1,1,1,1,1,2,1,1,1,1,1,1,0,1,1,1,1
288,Vigoroth,normal,,1,1,1,1,1,1,2,1,1,1,1,1,1,0,1,1,1,1
289,Slaking,normal,,1,1,1,1,1,1,2,1,1,1,1,1,1,0,1,1,1,1
290,Nincada,bug,ground,1,2,2,0,1,2,0.5,0.5,0.5,2,1,1,1,1,1,1,1,1
291,Ninjask,bug,flying,1,2,1,2,0.25,2,0.25,1,0,2,1,0.5,4,1,1,1,1,1
292,Shedinja,bug,ghost,0,2,1,1,0.5,1,0,0.5,0.5,2,1,0.5,2,2,1,2,1,1
293,Whismur,normal,,1,1,1,1,1,1,2,1,1,1,1,1,1,0,1,1,1,1
294,Loudred,normal,,1,1,1,1,1,1,2,1,1,1,1,1,1,0,1,1,1,1
295,Exploud,normal,,1,1,1,1,1,1,2,1,1,1,1,1,1,0,1,1,1,1
296,Makuhita,fighting,,1,1,1,1,1,1,1,1,1,2,2,0.5,0.5,1,1,0.5,1,2
297,Hariyama,fighting,,1,1,1,1,1,1,1,1,1,2,2,0.5,0.5,1,1,0.5,1,2
298,Azurill,normal,fairy,1,1,1,1,1,1,1,2,1,1,1,0.5,1,0,0,0.5,2,1
299,Nosepass,rock,,0.5,0.5,2,1,2,1,2,0.5,2,0.5,1,1,1,1,1,1,2,1
300,Skitty,normal,,1,1,1,1,1,1,2,1,1,1,1,1,1,0,1,1,1,1
301,Delcatty,normal,,1,1,1,1,1,1,2,1,1,1,1,1,1,0,1,1,1,1
302,Sableye,dark,ghost,0,1,1,1,1,1,0,0.5,1,1,0,1,1,1,1,1,1,2
303,Mawile,steel,fairy,0.5,2,1,1,0.5,0.5,1,0,2,0.5,0.5,0.25,0.5,1,0,0.5,1,0.5
304,Aron,steel,rock,0.25,1,2,1,1,0.5,4,0,4,0.25,0.5,0.5,0.5,1,0.5,1,1,0.5
305,Lairon,steel,rock,0.25,1,2,1,1,0.5,4,0,4,0.25,0.5,0.5,0.5,1,0.5,1,1,0.5
306,Aggron,steel,rock,0.25,1,2,1,1,0.5,4,0,4,0.25,0.5,0.5,0.5,1,0.5,1,1,0.5
307,Meditite,fighting,psychic,1,1,1,1,1,1,0.5,1,1,2,1,1,0.5,2,1,1,1,2
308,Medicham,fighting,psychic,1,1,1,1,1,1,0.5,1,1,2,1,1,0.5,2,1,1,1,2
309,Electrike,electric,,1,1,1,0.5,1,1,1,1,2,0.5,1,1,1,1,1,1,0.5,1
310,Manectric,electric,,1,1,1,0.5,1,1,1,1,2,0.5,1,1,1,1,1,1,0.5,1
311,Plusle,electric,,1,1,1,0.5,1,1,1,1,2,0.5,1,1,1,1,1,1,0.5,1
312,Minun,electric,,1,1,1,0.5,1,1,1,1,2,0.5,1,1,1,1,1,1,0.5,1
313,Volbeat,bug,,1,2,1,1,0.5,1,0.5,1,0.5,2,1,1,2,1,1,1,1,1
314,Illumise,bug,,1,2,1,1,0.5,1,0.5,1,0.5,2,1,1,2,1,1,1,1,1
315,Roselia,grass,poison,1,2,0.5,0.5,0.25,2,0.5,1,1,2,2,1,1,1,1,1,1,0.5
316,Gulpin,poison,,1,1,1,1,0.5,1,0.5,0.5,2,1,2,0.5,1,1,1,1,1,0.5
317,Swalot,poison,,1,1,1,1,0.5,1,0.5,0.5,2,1,2,0.5,1,1,1,1,1,0.5
318,Carvanha,water,dark,1,0.5,0.5,2,2,0.5,2,1,1,1,0,2,1,0.5,1,0.5,0.5,2
319,Sharpedo,water,dark,1,0.5,0.5,2,2,0.5,2,1,1,1,0,2,1,0.5,1,0.5,0.5,2
320,Wailmer,water,,1,0.5,0.5,2,2,0.5,1,1,1,1,1,1,1,1,1,1,0.5,1
321,Wailord,water,,1,0.5,0.5,2,2,0.5,1,1,1,1,1,1,1,1,1,1,0.5,1
322,Numel,fire,ground,1,0.5,4,0,1,1,1,0.5,2,1,1,0.5,1,1,1,1,0.5,0.5
323,Camerupt,fire,ground,1,0.5,4,0,1,1,1,0.5,2,1,1,0.5,1,1,1,1,0.5,0.5
324,Torkoal,fire,,1,0.5,2,1,0.5,0.5,1,1,2,1,1,0.5,2,1,1,1,0.5,0.5
325,Spoink,psychic,,1,1,1,1,1,1,0.5,1,1,1,0.5,2,1,2,1,2,1,1
326,Grumpig,psychic,,1,1,1,1,1,1,0.5,1,1,1,0.5,2,1,2,1,2,1,1
327,Spinda,normal,,1,1,1,1,1,1,2,1,1,1,1,1,1,0,1,1,1,1
328,Trapinch,ground,,1,1,2,0,2,2,1,0.5,1,1,1,1,0.5,1,1,1,1,1
329,Vibrava,ground,dragon,1,0.5,1,0,1,4,1,0.5,1,1,1,1,0.5,1,2,1,1,2
330,Flygon,ground,dragon,1,0.5,1,0,1,4,1,0.5,1,1,1,1,0.5,1,2,1,1,2
331,Cacnea,grass,,1,2,0.5,0.5,0.5,2,1,2,0.5,2,1,2,1,1,1,1,1,1
332,Cacturne,grass,dark,1,2,0.5,0.5,0.5,2,2,2,0.5,2,0,4,1,0.5,1,0.5,1,2
333,Swablu,normal,flying,1,1,1,2,0.5,2,1,1,0,1,1,0.5,2,0,1,1,1,1
334,Altaria,dragon,flying,1,0.5,0.5,1,0.25,4,0.5,1,0,1,1,0.5,2,1,2,1,1,2
335,Zangoose,normal,,1,1,1,1,1,1,2,1,1,1,1,1,1,0,1,1,1,1
336,Seviper,poison,,1,1,1,1,0.5,1,0.5,0.5,2,1,2,0.5,1,1,1,1,1,0.5
337,Lunatone,rock,psychic,0.5,0.5,2,1,2,1,1,0.5,2,0.5,0.5,2,1,2,1,2,2,1
338,Solrock,rock,psychic,0.5,0.5,2,1,2,1,1,0.5,2,0.5,0.5,2,1,2,1,2,2,1
339,Barboach,water,ground,1,0.5,1,0,4,1,1,0.5,1,1,1,1,0.5,1,1,1,0.5,1
340,Whiscash,water,ground,1,0.5,1,0,4,1,1,0.5,1,1,1,1,0.5,1,1,1,0.5,1
341,Corphish,water,,1,0.5,0.5,2,2,0.5,1,1,1,1,1,1,1,1,1,1,0.5,1
342,Crawdaunt,water,dark,1,0.5,0.5,2,2,0.5,2,1,1,1,0,2,1,0.5,1,0.5,0.5,2
343,Baltoy,ground,psychic,1,1,2,0,2,2,0.5,0.5,1,1,0.5,2,0.5,2,1,2,1,1
344,Claydol,ground,psychic,1,1,2,0,2,2,0.5,0.5,1,1,0.5,2,0.5,2,1,2,1,1
345,Lileep,rock,grass,0.5,1,1,0.5,1,2,2,1,1,1,1,2,1,1,1,1,2,1
346,Cradily,rock,grass,0.5,1,1,0.5,1,2,2,1,1,1,1,2,1,1,1,1,2,1
347,Anorith,rock,bug,0.5,1,2,1,1,1,1,0.5,1,1,1,1,2,1,1,1,2,1
348,Armaldo,rock,bug,0.5,1,2,1,1,1,1,0.5,1,1,1,1,2,1,1,1,2,1
349,Feebas,water,,1,0.5,0.5,2,2,0.5,1,1,1,1,1,1,1,1,1,1,0.5,1
350,Milotic,water,,1,0.5,0.5,2,2,0.5,1,1,1,1,1,1,1,1,1,1,0.5,1
351,Castform,normal,fire,1,1,1,1,1,1,2,1,1,1,1,1,1,0,1,1,1,1
352,Kecleon,normal,,1,1,1,1,1,1,2,1,1,1,1,1,1,0,1,1,1,1
353,Shuppet,ghost,,0,1,1,1,1,1,0,0.5,1,1,1,0.5,1,2,1,2,1,1
354,Banette,ghost,,0,1,1,1,1,1,0,0.5,1,1,1,0.5,1,2,1,2,1,1
355,Duskull,ghost,,0,1,1,1,1,1,0,0.5,1,1,1,0.5,1,2,1,2,1,1
356,Dusclops,ghost,,0,1,1,1,1,1,0,0.5,1,1,1,0.5,1,2,1,2,1,1
357,Tropius,grass,flying,1,2,0.5,1,0.25,4,0.5,2,0,2,1,1,2,1,1,1,1,1
358,Chimecho,psychic,,1,1,1,1,1,1,0.5,1,1,1,0.5,2,1,2,1,2,1,1
359,Absol,dark,,1,1,1,1,1,1,2,1,1,1,0,2,1,0.5,1,0.5,1,2
360,Wynaut,psychic,,1,1,1,1,1,1,0.5,1,1,1,0.5,2,1,2,1,2,1,1
361,Snorunt,ice,,1,2,1,1,1,0.5,2,1,1,1,1,1,2,1,1,1,2,1
362,Glalie,ice,,1,2,1,1,1,0.5,2,1,1,1,1,1,2,1,1,1,2,1
363,Spheal,ice,water,1,1,0.5,2,2,0.25,2,1,1,1,1,1,2,1,1,1,1,1
364,Sealeo,ice,water,1,1,0.5,2,2,0.25,2,1,1,1,1,1,2,1,1,1,1,1
365,Walrein,ice,water,1,1,0.5,2,2,0.25,2,1,1,1,1,1,2,1,1,1,1,1
366,Clamperl,water,,1,0.5,0.5,2,2,0.5,1,1,1,1,1,1,1,1,1,1,0.5,1
367,Huntail,water,,1,0.5,0.5,2,2,0.5,1,1,1,1,1,1,1,1,1,1,0.5,1
368,Gorebyss,water,,1,0.5,0.5,2,2,0.5,1,1,1,1,1,1,1,1,1,1,0.5,1
369,Relicanth,water,rock,0.5,0.25,1,2,4,0.5,2,0.5,2,0.5,1,1,1,1,1,1,1,1
370,Luvdisc,water,,1,0.5,0.5,2,2,0.5,1,1,1,1,1,1,1,1,1,1,0.5,1
371,Bagon,dragon,,1,0.5,0.5,0.5,0.5,2,1,1,1,1,1,1,1,1,2,1,1,2
372,Shelgon,dragon,,1,0.5,0.5,0.5,0.5,2,1,1,1,1,1,1,1,1,2,1,1,2
373,Salamence,dragon,flying,1,0.5,0.5,1,0.25,4,0.5,1,0,1,1,0.5,2,1,2,1,1,2
374,Beldum,steel,psychic,0.5,2,1,1,0.5,0.5,1,0,2,0.5,0.25,1,0.5,2,0.5,2,0.5,0.5
375,Metang,steel,psychic,0.5,2,1,1,0.5,0.5,1,0,2,0.5,0.25,1,0.5,2,0.5,2,0.5,0.5
376,Metagross,steel,psychic,0.5,2,1,1,0.5,0.5,1,0,2,0.5,0.25,1,0.5,2,0.5,2,0.5,0.5
377,Regirock,rock,,0.5,0.5,2,1,2,1,2,0.5,2,0.5,1,1,1,1,1,1,2,1
378,Regice,ice,,1,2,1,1,1,0.5,2,1,1,1,1,1,2,1,1,1,2,1
379,Registeel,steel,,0.5,2,1,1,0.5,0.5,2,0,2,0.5,0.5,0.5,0.5,1,0.5,1,0.5,0.5
380,Latias,dragon,psychic,1,0.5,0.5,0.5,0.5,2,0.5,1,1,1,0.5,2,1,2,2,2,1,2
381,Latios,dragon,psychic,1,0.5,0.5,0.5,0.5,2,0.5,1,1,1,0.5,2,1,2,2,2,1,2
382,Kyogre,water,,1,0.5,0.5,2,2,0.5,1,1,1,1,1,1,1,1,1,1,0.5,1
383,Groudon,ground,,1,1,2,0,2,2,1,0.5,1,1,1,1,0.5,1,1,1,1,1
384,Rayquaza,dragon,flying,1,0.5,0.5,1,0.25,4,0.5,1,0,1,1,0.5,2,1,2,1,1,2
385,Jirachi,steel,psychic,0.5,2,1,1,0.5,0.5,1,0,2,0.5,0.25,1,0.5,2,0.5,2,0.5,0.5
386,Deoxys,psychic,,1,1,1,1,1,1,0.5,1,1,1,0.5,2,1,2,1,2,1,1
387,Turtwig,grass,,1,2,0.5,0.5,0.5,2,1,2,0.5,2,1,2,1,1,1,1,1,1
388,Grotle,grass,,1,2,0.5,0.5,0.5,2,1,2,0.5,2,1,2,1,1,1,1,1,1
389,Torterra,grass,ground,1,2,1,0,1,4,1,1,0.5,2,1,2,0.5,1,1,1,1,1
390,Chimchar,fire,,1,0.5,2,1,0.5,0.5,1,1,2,1,1,0.5,2,1,1,1,0.5,0.5
391,Monferno,fire,fighting,1,0.5,2,1,0.5,0.5,1,1,2,2,2,0.25,1,1,1,0.5,0.5,1
392,Infernape,fire,fighting,1,0.5,2,1,0.5,0.5,1,1,2,2,2,0.25,1,1,1,0.5,0.5,1
393,Piplup,water,,1,0.5,0.5,2,2,0.5,1,1,1,1,1,1,1,1,1,1,0.5,1
394,Prinplup,water,,1,0.5,0.5,2,2,0.5,1,1,1,1,1,1,1,1,1,1,0.5,1
395,Empoleon,water,steel,0.5,1,0.5,2,1,0.25,2,0,2,0.5,0.5,0.5,0.5,1,0.5,1,0.25,0.5
396,Starly,normal,flying,1,1,1,2,0.5,2,1,1,0,1,1,0.5,2,0,1,1,1,1
397,Staravia,normal,flying,1,1,1,2,0.5,2,1,1,0,1,1,0.5,2,0,1,1,1,1
398,Staraptor,normal,flying,1,1,1,2,0.5,2,1,1,0,1,1,0.5,2,0,1,1,1,1
399,Bidoof,normal,,1,1,1,1,1,1,2,1,1,1,1,1,1,0,1,1,1,1
400,Bibarel,normal,water,1,0.5,0.5,2,2,0.5,2,1,1,1,1,1,1,0,1,1,0.5,1
401,Kricketot,bug,,1,2,1,1,0.5,1,0.5,1,0.5,2,1,1,2,1,1,1,1,1
402,Kricketune,bug,,1,2,1,1,0.5,1,0.5,1,0.5,2,1,1,2,1,1,1,1,1
403,Shinx,electric,,1,1,1,0.5,1,1,1,1,2,0.5,1,1,1,1,1,1,0.5,1
404,Luxio,electric,,1,1,1,0.5,1,1,1,1,2,0.5,1,1,1,1,1,1,0.5,1
405,Luxray,electric,,1,1,1,0.5,1,1,1,1,2,0.5,1,1,1,1,1,1,0.5,1
406,Budew,grass,poison,1,2,0.5,0.5,0.25,2,0.5,1,1,2,2,1,1,1,1,1,1,0.5
407,Roserade,grass,poison,1,2,0.5,0.5,0.25,2,0.5,1,1,2,2,1,1,1,1,1,1,0.5
408,Cranidos,rock,,0.5,0.5,2,1,2,1,2,0.5,2,0.5,1,1,1,1,1,1,2,1
409,Rampardos,rock,,0.5,0.5,2,1,2,1,2,0.5,2,0.5,1,1,1,1,1,1,2,1
410,Shieldon,rock,steel,0.25,1,2,1,1,0.5,4,0,4,0.25,0.5,0.5,0.5,1,0.5,1,1,0.5
411,Bastiodon,rock,steel,0.25,1,2,1,1,0.5,4,0,4,0.25,0.5,0.5,0.5,1,0.5,1,1,0.5
412,Burmy,bug,,1,2,1,1,0.5,1,0.5,1,0.5,2,1,1,2,1,1,1,1,1
413,Wormadam,bug,grass,1,4,0.5,0.5,0.25,2,0.5,2,0.25,4,1,2,2,1,1,1,1,1
414,Mothim,bug,flying,1,2,1,2,0.25,2,0.25,1,0,2,1,0.5,4,1,1,1,1,1
415,Combee,bug,flying,1,2,1,2,0.25,2,0.25,1,0,2,1,0.5,4,1,1,1,1,1
416,Vespiquen,bug,flying,1,2,1,2,0.25,2,0.25,1,0,2,1,0.5,4,1,1,1,1,1
417,Pachirisu,electric,,1,1,1,0.5,1,1,1,1,2,0.5,1,1,1,1,1,1,0.5,1
418,Buizel,water,,1,0.5,0.5,2,2,0.5,1,1,1,1,1,1,1,1,1,1,0.5,1
419,Floatzel,water,,1,0.5,0.5,2,2,0.5,1,1,1,1,1,1,1,1,1,1,0.5,1
420,Cherubi,grass,,1,2,0.5,0.5,0.5,2,1,2,0.5,2,1,2,1,1,1,1,1,1
421,Cherrim,grass,,1,2,0.5,0.5,0.5,2,1,2,0.5,2,1,2,1,1,1,1,1,1
422,Shellos,water,,1,0.5,0.5,2,2,0.5,1,1,1,1,1,1,1,1,1,1,0.5,1
423,Gastrodon,water,ground,1,0.5,1,0,4,1,1,0.5,1,1,1,1,0.5,1,1,1,0.5,1
424,Ambipom,normal,,1,1,1,1,1,1,2,1,1,1,1,1,1,0,1,1,1,1
425,Drifloon,ghost,flying,0,1,1,2,0.5,2,0,0.5,0,1,1,0.25,2,2,1,2,1,1
426,Drifblim,ghost,flying,0,1,1,2,0.5,2,0,0.5,0,1,1,0.25,2,2,1,2,1,1
427,Buneary,normal,,1,1,1,1,1,1,2,1,1,1,1,1,1,0,1,1,1,1
428,Lopunny,normal,,1,1,1,1,1,1,2,1,1,1,1,1,1,0,1,1,1,1
429,Mismagius,ghost,,0,1,1,1,1,1,0,0.5,1,1,1,0.5,1,2,1,2,1,1
430,Honchkrow,dark,flying,1,1,1,2,0.5,2,1,1,0,1,0,1,2,0.5,1,0.5,1,2
431,Glameow,normal,,1,1,1,1,1,1,2,1,1,1,1,1,1,0,1,1,1,1
432,Purugly,normal,,1,1,1,1,1,1,2,1,1,1,1,1,1,0,1,1,1,1
433,Chingling,psychic,,1,1,1,1,1,1,0.5,1,1,1,0.5,2,1,2,1,2,1,1
434,Stunky,poison,dark,1,1,1,1,0.5,1,1,0.5,2,1,0,1,1,0.5,1,0.5,1,1
435,Skuntank,poison,dark,1,1,1,1,0.5,1,1,0.5,2,1,0,1,1,0.5,1,0.5,1,1
436,Bronzor,steel,psychic,0.5,2,1,1,0.5,0.5,1,0,2,0.5,0.25,1,0.5,2,0.5,2,0.5,0.5
437,Bronzong,steel,psychic,0.5,2,1,1,0.5,0.5,1,0,2,0.5,0.25,1,0.5,2,0.5,2,0.5,0.5
438,Bonsly,rock,,0.5,0.5,2,1,2,1,2,0.5,2,0.5,1,1,1,1,1,1,2,1
439,Mime Jr.,psychic,fairy,1,1,1,1,1,1,0.25,2,1,1,0.5,1,1,2,0,1,2,1
440,Happiny,normal,,1,1,1,1,1,1,2,1,1,1,1,1,1,0,1,1,1,1
441,Chatot,normal,flying,1,1,1,2,0.5,2,1,1,0,1,1,0.5,2,0,1,1,1,1
442,Spiritomb,ghost,dark,0,1,1,1,1,1,0,0.5,1,1,0,1,1,1,1,1,1,2
443,Gible,dragon,ground,1,0.5,1,0,1,4,1,0.5,1,1,1,1,0.5,1,2,1,1,2
444,Gabite,dragon,ground,1,0.5,1,0,1,4,1,0.5,1,1,1,1,0.5,1,2,1,1,2
445,Garchomp,dragon,ground,1,0.5,1,0,1,4,1,0.5,1,1,1,1,0.5,1,2,1,1,2
446,Munchlax,normal,,1,1,1,1,1,1,2,1,1,1,1,1,1,0,1,1,1,1
447,Riolu,fighting,,1,1,1,1,1,1,1,1,1,2,2,0.5,0.5,1,1,0.5,1,2
448,Lucario,fighting,steel,0.5,2,1,1,0.5,0.5,2,0,2,1,1,0.25,0.25,1,0.5,0.5,0.5,1
449,Hippopotas,ground,,1,1,2,0,2,2,1,0.5,1,1,1,1,0.5,1,1,1,1,1
450,Hippowdon,ground,,1,1,2,0,2,2,1,0.5,1,1,1,1,0.5,1,1,1,1,1
451,Skorupi,poison,bug,1,2,1,1,0.25,1,0.25,0.5,1,2,2,0.5,2,1,1,1,1,0.5
452,Drapion,poison,dark,1,1,1,1,0.5,1,1,0.5,2,1,0,1,1,0.5,1,0.5,1,1
453,Croagunk,poison,fighting,1,1,1,1,0.5,1,0.5,0.5,2,2,4,0.25,0.5,1,1,0.5,1,1
454,Toxicroak,poison,fighting,1,1,1,1,0.5,1,0.5,0.5,2,2,4,0.25,0.5,1,1,0.5,1,1
455,Carnivine,grass,,1,2,0.5,0.5,0.5,2,1,2,0.5,2,1,2,1,1,1,1,1,1
456,Finneon,water,,1,0.5,0.5,2,2,0.5,1,1,1,1,1,1,1,1,1,1,0.5,1
457,Lumineon,water,,1,0.5,0.5,2,2,0.5,1,1,1,1,1,1,1,1,1,1,0.5,1
458,Mantyke,water,flying,1,0.5,0.5,4,1,1,0.5,1,0,1,1,0.5,2,1,1,1,0.5,1
459,Snover,grass,ice,1,4,0.5,0.5,0.5,1,2,2,0.5,2,1,2,2,1,1,1,2,1
460,Abomasnow,grass,ice,1,4,0.5,0.5,0.5,1,2,2,0.5,2,1,2,2,1,1,1,2,1
461,Weavile,dark,ice,1,2,1,1,1,0.5,4,1,1,1,0,2,2,0.5,1,0.5,2,2
462,Magnezone,electric,steel,0.5,2,1,0.5,0.5,0.5,2,0,4,0.25,0.5,0.5,0.5,1,0.5,1,0.25,0.5
463,Lickilicky,normal,,1,1,1,1,1,1,2,1,1,1,1,1,1,0,1,1,1,1
464,Rhyperior,ground,rock,0.5,0.5,4,0,4,2,2,0.25,2,0.5,1,1,0.5,1,1,1,2,1
465,Tangrowth,grass,,1,2,0.5,0.5,0.5,2,1,2,0.5,2,1,2,1,1,1,1,1,1
466,Electivire,electric,,1,1,1,0.5,1,1,1,1,2,0.5,1,1,1,1,1,1,0.5,1
467,Magmortar,fire,,1,0.5,2,1,0.5,0.5,1,1,2,1,1,0.5,2,1,1,1,0.5,0.5
468,Togekiss,fairy,flying,1,1,1,2,0.5,2,0.25,2,0,1,1,0.25,2,1,0,0.5,2,1
469,Yanmega,bug,flying,1,2,1,2,0.25,2,0.25,1,0,2,1,0.5,4,1,1,1,1,1
470,Leafeon,grass,,1,2,0.5,0.5,0.5,2,1,2,0.5,2,1,2,1,1,1,1,1,1
471,Glaceon,ice,,1,2,1,1,1,0.5,2,1,1,1,1,1,2,1,1,1,2,1
472,Gliscor,ground,flying,1,1,2,0,1,4,0.5,0.5,0,1,1,0.5,1,1,1,1,1,1
473,Mamoswine,ice,ground,1,2,2,0,2,1,2,0.5,1,1,1,1,1,1,1,1,2,1
474,Porygon-Z,normal,,1,1,1,1,1,1,2,1,1,1,1,1,1,0,1,1,1,1
475,Gallade,psychic,fighting,1,1,1,1,1,1,0.5,1,1,2,1,1,0.5,2,1,1,1,2
476,Probopass,rock,steel,0.25,1,2,1,1,0.5,4,0,4,0.25,0.5,0.5,0.5,1,0.5,1,1,0.5
477,Dusknoir,ghost,,0,1,1,1,1,1,0,0.5,1,1,1,0.5,1,2,1,2,1,1
478,Froslass,ice,ghost,0,2,1,1,1,0.5,0,0.5,1,1,1,0.5,2,2,1,2,2,1
479,Rotom,electric,ghost,0,1,1,0.5,1,1,0,0.5,2,0.5,1,0.5,1,2,1,2,0.5,1
480,Uxie,psychic,,1,1,1,1,1,1,0.5,1,1,1,0.5,2,1,2,1,2,1,1
481,Mesprit,psychic,,1,1,1,1,1,1,0.5,1,1,1,0.5,2,1,2,1,2,1,1
482,Azelf,psychic,,1,1,1,1,1,1,0.5,1,1,1,0.5,2,1,2,1,2,1,1
483,Dialga,steel,dragon,0.5,1,0.5,0.5,0.25,1,2,0,2,0.5,0.5,0.5,0.5,1,1,1,0.5,1
484,Palkia,water,dragon,1,0.25,0.25,1,1,1,1,1,1,1,1,1,1,1,2,1,0.5,2
485,Heatran,fire,steel,0.5,1,2,1,0.25,0.25,2,0,4,0.5,0.5,0.25,1,1,0.5,1,0.25,0.25
486,Regigigas,normal,,1,1,1,1,1,1,2,1,1,1,1,1,1,0,1,1,1,1
487,Giratina,ghost,dragon,0,0.5,0.5,0.5,0.5,2,0,0.5,1,1,1,0.5,1,2,2,2,1,2
488,Cresselia,psychic,,1,1,1,1,1,1,0.5,1,1,1,0.5,2,1,2,1,2,1,1
489,Phione,water,,1,0.5,0.5,2,2,0.5,1,1,1,1,1,1,1,1,1,1,0.5,1
490,Manaphy,water,,1,0.5,0.5,2,2,0.5,1,1,1,1,1,1,1,1,1,1,0.5,1
491,Darkrai,dark,,1,1,1,1,1,1,2,1,1,1,0,2,1,0.5,1,0.5,1,2
492,Shaymin,grass,grass,1,2,0.5,0.5,0.5,2,1,2,0.5,2,1,2,1,1,1,1,1,1
493,Arceus,normal,,1,1,1,1,1,1,2,1,1,1,1,1,1,0,1,1,1,1
494,Victini,psychic,fire,1,0.5,2,1,0.5,0.5,0.5,1,2,1,0.5,1,2,2,1,2,0.5,0.5
495,Snivy,grass,,1,2,0.5,0.5,0.5,2,1,2,0.5,2,1,2,1,1,1,1,1,1
496,Servine,grass,,1,2,0.5,0.5,0.5,2,1,2,0.5,2,1,2,1,1,1,1,1,1
497,Serperior,grass,,1,2,0.5,0.5,0.5,2,1,2,0.5,2,1,2,1,1,1,1,1,1
498,Tepig,fire,,1,0.5,2,1,0.5,0.5,1,1,2,1,1,0.5,2,1,1,1,0.5,0.5
499,Pignite,fire,fighting,1,0.5,2,1,0.5,0.5,1,1,2,2,2,0.25,1,1,1,0.5,0.5,1
500,Emboar,fire,fighting,1,0.5,2,1,0.5,0.5,1,1,2,2,2,0.25,1,1,1,0.5,0.5,1
501,Oshawott,water,,1,0.5,0.5,2,2,0.5,1,1,1,1,1,1,1,1,1,1,0.5,1
502,Dewott,water,,1,0.5,0.5,2,2,0.5,1,1,1,1,1,1,1,1,1,1,0.5,1
503,Samurott,water,,1,0.5,0.5,2,2,0.5,1,1,1,1,1,1,1,1,1,1,0.5,1
504,Patrat,normal,,1,1,1,1,1,1,2,1,1,1,1,1,1,0,1,1,1,1
505,Watchog,normal,,1,1,1,1,1,1,2,1,1,1,1,1,1,0,1,1,1,1
506,Lillipup,normal,,1,1,1,1,1,1,2,1,1,1,1,1,1,0,1,1,1,1
507,Herdier,normal,,1,1,1,1,1,1,2,1,1,1,1,1,1,0,1,1,1,1
508,Stoutland,normal,,1,1,1,1,1,1,2,1,1,1,1,1,1,0,1,1,1,1
509,Purrloin,dark,,1,1,1,1,1,1,2,1,1,1,0,2,1,0.5,1,0.5,1,2
510,Liepard,dark,,1,1,1,1,1,1,2,1,1,1,0,2,1,0.5,1,0.5,1,2
511,Pansage,grass,,1,2,0.5,0.5,0.5,2,1,2,0.5,2,1,2,1,1,1,1,1,1
512,Simisage,grass,,1,2,0.5,0.5,0.5,2,1,2,0.5,2,1,2,1,1,1,1,1,1
513,Pansear,fire,,1,0.5,2,1,0.5,0.5,1,1,2,1,1,0.5,2,1,1,1,0.5,0.5
514,Simisear,fire,,1,0.5,2,1,0.5,0.5,1,1,2,1,1,0.5,2,1,1,1,0.5,0.5
515,Panpour,water,,1,0.5,0.5,2,2,0.5,1,1,1,1,1,1,1,1,1,1,0.5,1
516,Simipour,water,,1,0.5,0.5,2,2,0.5,1,1,1,1,1,1,1,1,1,1,0.5,1
517,Munna,psychic,,1,1,1,1,1,1,0.5,1,1,1,0.5,2,1,2,1,2,1,1
518,Musharna,psychic,,1,1,1,1,1,1,0.5,1,1,1,0.5,2,1,2,1,2,1,1
519,Pidove,normal,flying,1,1,1,2,0.5,2,1,1,0,1,1,0.5,2,0,1,1,1,1
520,Tranquill,normal,flying,1,1,1,2,0.5,2,1,1,0,1,1,0.5,2,0,1,1,1,1
521,Unfezant,normal,flying,1,1,1,2,0.5,2,1,1,0,1,1,0.5,2,0,1,1,1,1
522,Blitzle,electric,,1,1,1,0.5,1,1,1,1,2,0.5,1,1,1,1,1,1,0.5,1
523,Zebstrika,electric,,1,1,1,0.5,1,1,1,1,2,0.5,1,1,1,1,1,1,0.5,1
524,Roggenrola,rock,,0.5,0.5,2,1,2,1,2,0.5,2,0.5,1,1,1,1,1,1,2,1
525,Boldore,rock,,0.5,0.5,2,1,2,1,2,0.5,2,0.5,1,1,1,1,1,1,2,1
526,Gigalith,rock,,0.5,0.5,2,1,2,1,2,0.5,2,0.5,1,1,1,1,1,1,2,1
527,Woobat,psychic,flying,1,1,1,2,0.5,2,0.25,1,0,1,0.5,1,2,2,1,2,1,1
528,Swoobat,psychic,flying,1,1,1,2,0.5,2,0.25,1,0,1,0.5,1,2,2,1,2,1,1
529,Drilbur,ground,,1,1,2,0,2,2,1,0.5,1,1,1,1,0.5,1,1,1,1,1
530,Excadrill,ground,steel,0.5,2,2,0,1,1,2,0,2,0.5,0.5,0.5,0.25,1,0.5,1,0.5,0.5
531,Audino,normal,,1,1,1,1,1,1,2,1,1,1,1,1,1,0,1,1,1,1
532,Timburr,fighting,,1,1,1,1,1,1,1,1,1,2,2,0.5,0.5,1,1,0.5,1,2
533,Gurdurr,fighting,,1,1,1,1,1,1,1,1,1,2,2,0.5,0.5,1,1,0.5,1,2
534,Conkeldurr,fighting,,1,1,1,1,1,1,1,1,1,2,2,0.5,0.5,1,1,0.5,1,2
535,Tympole,water,,1,0.5,0.5,2,2,0.5,1,1,1,1,1,1,1,1,1,1,0.5,1
536,Palpitoad,water,ground,1,0.5,1,0,4,1,1,0.5,1,1,1,1,0.5,1,1,1,0.5,1
537,Seismitoad,water,ground,1,0.5,1,0,4,1,1,0.5,1,1,1,1,0.5,1,1,1,0.5,1
538,Throh,fighting,,1,1,1,1,1,1,1,1,1,2,2,0.5,0.5,1,1,0.5,1,2
539,Sawk,fighting,,1,1,1,1,1,1,1,1,1,2,2,0.5,0.5,1,1,0.5,1,2
540,Sewaddle,bug,grass,1,4,0.5,0.5,0.25,2,0.5,2,0.25,4,1,2,2,1,1,1,1,1
541,Swadloon,bug,grass,1,4,0.5,0.5,0.25,2,0.5,2,0.25,4,1,2,2,1,1,1,1,1
542,Leavanny,bug,grass,1,4,0.5,0.5,0.25,2,0.5,2,0.25,4,1,2,2,1,1,1,1,1
543,Venipede,bug,poison,1,2,1,1,0.25,1,0.25,0.5,1,2,2,0.5,2,1,1,1,1,0.5
544,Whirlipede,bug,poison,1,2,1,1,0.25,1,0.25,0.5,1,2,2,0.5,2,1,1,1,1,0.5
545,Scolipede,bug,poison,1,2,1,1,0.25,1,0.25,0.5,1,2,2,0.5,2,1,1,1,1,0.5
546,Cottonee,grass,fairy,1,2,0.5,0.5,0.5,2,0.5,4,0.5,2,1,1,1,1,0,0.5,2,1
547,Whimsicott,grass,fairy,1,2,0.5,0.5,0.5,2,0.5,4,0.5,2,1,1,1,1,0,0.5,2,1
548,Petilil,grass,,1,2,0.5,0.5,0.5,2,1,2,0.5,2,1,2,1,1,1,1,1,1
549,Lilligant,grass,,1,2,0.5,0.5,0.5,2,1,2,0.5,2,1,2,1,1,1,1,1,1
550,Basculin,water,,1,0.5,0.5,2,2,0.5,1,1,1,1,1,1,1,1,1,1,0.5,1
551,Sandile,ground,dark,1,1,2,0,2,2,2,0.5,1,1,0,2,0.5,0.5,1,0.5,1,2
552,Krokorok,ground,dark,1,1,2,0,2,2,2,0.5,1,1,0,2,0.5,0.5,1,0.5,1,2
553,Krookodile,ground,dark,1,1,2,0,2,2,2,0.5,1,1,0,2,0.5,0.5,1,0.5,1,2
554,Darumaka,fire,ice,1,0.5,2,1,0.5,0.5,1,1,2,1,1,0.5,2,1,1,1,0.5,0.5
555,Darmanitan,fire,fire,1,0.5,2,1,0.5,0.5,1,1,2,1,1,0.5,2,1,1,1,0.5,0.5
556,Maractus,grass,,1,2,0.5,0.5,0.5,2,1,2,0.5,2,1,2,1,1,1,1,1,1
557,Dwebble,bug,rock,0.5,1,2,1,1,1,1,0.5,1,1,1,1,2,1,1,1,2,1
558,Crustle,bug,rock,0.5,1,2,1,1,1,1,0.5,1,1,1,1,2,1,1,1,2,1
559,Scraggy,dark,fighting,1,1,1,1,1,1,2,1,1,2,0,1,0.5,0.5,1,0.25,1,4
560,Scrafty,dark,fighting,1,1,1,1,1,1,2,1,1,2,0,1,0.5,0.5,1,0.25,1,4
561,Sigilyph,psychic,flying,1,1,1,2,0.5,2,0.25,1,0,1,0.5,1,2,2,1,2,1,1
562,Yamask,ghost,ground,0,1,1,1,1,1,0,0.5,1,1,1,0.5,1,2,1,2,1,1
563,Cofagrigus,ghost,,0,1,1,1,1,1,0,0.5,1,1,1,0.5,1,2,1,2,1,1
564,Tirtouga,water,rock,0.5,0.25,1,2,4,0.5,2,0.5,2,0.5,1,1,1,1,1,1,1,1
565,Carracosta,water,rock,0.5,0.25,1,2,4,0.5,2,0.5,2,0.5,1,1,1,1,1,1,1,1
566,Archen,rock,flying,0.5,0.5,2,2,1,2,1,0.5,0,0.5,1,0.5,2,1,1,1,2,1
567,Archeops,rock,flying,0.5,0.5,2,2,1,2,1,0.5,0,0.5,1,0.5,2,1,1,1,2,1
568,Trubbish,poison,,1,1,1,1,0.5,1,0.5,0.5,2,1,2,0.5,1,1,1,1,1,0.5
569,Garbodor,poison,,1,1,1,1,0.5,1,0.5,0.5,2,1,2,0.5,1,1,1,1,1,0.5
570,Zorua,dark,,1,1,1,1,1,1,2,1,1,1,0,2,1,0.5,1,0.5,1,2
571,Zoroark,dark,,1,1,1,1,1,1,2,1,1,1,0,2,1,0.5,1,0.5,1,2
572,Minccino,normal,,1,1,1,1,1,1,2,1,1,1,1,1,1,0,1,1,1,1
573,Cinccino,normal,,1,1,1,1,1,1,2,1,1,1,1,1,1,0,1,1,1,1
574,Gothita,psychic,,1,1,1,1,1,1,0.5,1,1,1,0.5,2,1,2,1,2,1,1
575,Gothorita,psychic,,1,1,1,1,1,1,0.5,1,1,1,0.5,2,1,2,1,2,1,1
576,Gothitelle,psychic,,1,1,1,1,1,1,0.5,1,1,1,0.5,2,1,2,1,2,1,1
577,Solosis,psychic,,1,1,1,1,1,1,0.5,1,1,1,0.5,2,1,2,1,2,1,1
578,Duosion,psychic,,1,1,1,1,1,1,0.5,1,1,1,0.5,2,1,2,1,2,1,1
579,Reuniclus,psychic,,1,1,1,1,1,1,0.5,1,1,1,0.5,2,1,2,1,2,1,1
580,Ducklett,water,flying,1,0.5,0.5,4,1,1,0.5,1,0,1,1,0.5,2,1,1,1,0.5,1
581,Swanna,water,flying,1,0.5,0.5,4,1,1,0.5,1,0,1,1,0.5,2,1,1,1,0.5,1
582,Vanillite,ice,,1,2,1,1,1,0.5,2,1,1,1,1,1,2,1,1,1,2,1
583,Vanillish,ice,,1,2,1,1,1,0.5,2,1,1,1,1,1,2,1,1,1,2,1
584,Vanilluxe,ice,,1,2,1,1,1,0.5,2,1,1,1,1,1,2,1,1,1,2,1
585,Deerling,normal,grass,1,2,0.5,0.5,0.5,2,2,2,0.5,2,1,2,1,0,1,1,1,1
586,Sawsbuck,normal,grass,1,2,0.5,0.5,0.5,2,2,2,0.5,2,1,2,1,0,1,1,1,1
587,Emolga,electric,flying,1,1,1,1,0.5,2,0.5,1,0,0.5,1,0.5,2,1,1,1,0.5,1
588,Karrablast,bug,,1,2,1,1,0.5,1,0.5,1,0.5,2,1,1,2,1,1,1,1,1
589,Escavalier,bug,steel,0.5,4,1,1,0.25,0.5,1,0,1,1,0.5,0.5,1,1,0.5,1,0.5,0.5
590,Foongus,grass,poison,1,2,0.5,0.5,0.25,2,0.5,1,1,2,2,1,1,1,1,1,1,0.5
591,Amoonguss,grass,poison,1,2,0.5,0.5,0.25,2,0.5,1,1,2,2,1,1,1,1,1,1,0.5
592,Frillish,water,ghost,0,0.5,0.5,2,2,0.5,0,0.5,1,1,1,0.5,1,2,1,2,0.5,1
593,Jellicent,water,ghost,0,0.5,0.5,2,2,0.5,0,0.5,1,1,1,0.5,1,2,1,2,0.5,1
594,Alomomola,water,,1,0.5,0.5,2,2,0.5,1,1,1,1,1,1,1,1,1,1,0.5,1
595,Joltik,bug,electric,1,2,1,0.5,0.5,1,0.5,1,1,1,1,1,2,1,1,1,0.5,1
596,Galvantula,bug,electric,1,2,1,0.5,0.5,1,0.5,1,1,1,1,1,2,1,1,1,0.5,1
597,Ferroseed,grass,steel,0.5,4,0.5,0.5,0.25,1,2,0,1,1,0.5,1,0.5,1,0.5,1,0.5,0.5
598,Ferrothorn,grass,steel,0.5,4,0.5,0.5,0.25,1,2,0,1,1,0.5,1,0.5,1,0.5,1,0.5,0.5
599,Klink,steel,,0.5,2,1,1,0.5,0.5,2,0,2,0.5,0.5,0.5,0.5,1,0.5,1,0.5,0.5
600,Klang,steel,,0.5,2,1,1,0.5,0.5,2,0,2,0.5,0.5,0.5,0.5,1,0.5,1,0.5,0.5
601,Klinklang,steel,,0.5,2,1,1,0.5,0.5,2,0,2,0.5,0.5,0.5,0.5,1,0.5,1,0.5,0.5
602,Tynamo,electric,,1,1,1,0.5,1,1,1,1,2,0.5,1,1,1,1,1,1,0.5,1
603,Eelektrik,electric,,1,1,1,0.5,1,1,1,1,2,0.5,1,1,1,1,1,1,0.5,1
604,Eelektross,electric,,1,1,1,0.5,1,1,1,1,2,0.5,1,1,1,1,1,1,0.5,1
605,Elgyem,psychic,,1,1,1,1,1,1,0.5,1,1,1,0.5,2,1,2,1,2,1,1
606,Beheeyem,psychic,,1,1,1,1,1,1,0.5,1,1,1,0.5,2,1,2,1,2,1,1
607,Litwick,ghost,fire,0,0.5,2,1,0.5,0.5,0,0.5,2,1,1,0.25,2,2,1,2,0.5,0.5
608,Lampent,ghost,fire,0,0.5,2,1,0.5,0.5,0,0.5,2,1,1,0.25,2,2,1,2,0.5,0.5
609,Chandelure,ghost,fire,0,0.5,2,1,0.5,0.5,0,0.5,2,1,1,0.25,2,2,1,2,0.5,0.5
610,Axew,dragon,,1,0.5,0.5,0.5,0.5,2,1,1,1,1,1,1,1,1,2,1,1,2
611,Fraxure,dragon,,1,0.5,0.5,0.5,0.5,2,1,1,1,1,1,1,1,1,2,1,1,2
612,Haxorus,dragon,,1,0.5,0.5,0.5,0.5,2,1,1,1,1,1,1,1,1,2,1,1,2
613,Cubchoo,ice,,1,2,1,1,1,0.5,2,1,1,1,1,1,2,1,1,1,2,1
614,Beartic,ice,,1,2,1,1,1,0.5,2,1,1,1,1,1,2,1,1,1,2,1
615,Cryogonal,ice,,1,2,1,1,1,0.5,2,1,1,1,1,1,2,1,1,1,2,1
616,Shelmet,bug,,1,2,1,1,0.5,1,0.5,1,0.5,2,1,1,2,1,1,1,1,1
617,Accelgor,bug,,1,2,1,1,0.5,1,0.5,1,0.5,2,1,1,2,1,1,1,1,1
618,Stunfisk,ground,electric,1,1,2,0,2,2,1,0.5,2,0.5,1,1,0.5,1,1,1,0.5,1
619,Mienfoo,fighting,,1,1,1,1,1,1,1,1,1,2,2,0.5,0.5,1,1,0.5,1,2
620,Mienshao,fighting,,1,1,1,1,1,1,1,1,1,2,2,0.5,0.5,1,1,0.5,1,2
621,Druddigon,dragon,,1,0.5,0.5,0.5,0.5,2,1,1,1,1,1,1,1,1,2,1,1,2
622,Golett,ground,ghost,0,1,2,0,2,2,0,0.25,1,1,1,0.5,0.5,2,1,2,1,1
623,Golurk,ground,ghost,0,1,2,0,2,2,0,0.25,1,1,1,0.5,0.5,2,1,2,1,1
624,Pawniard,dark,steel,0.5,2,1,1,0.5,0.5,4,0,2,0.5,0,1,0.5,0.5,0.5,0.5,0.5,1
625,Bisharp,dark,steel,0.5,2,1,1,0.5,0.5,4,0,2,0.5,0,1,0.5,0.5,0.5,0.5,0.5,1
626,Bouffalant,normal,,1,1,1,1,1,1,2,1,1,1,1,1,1,0,1,1,1,1
627,Rufflet,normal,flying,1,1,1,2,0.5,2,1,1,0,1,1,0.5,2,0,1,1,1,1
628,Braviary,normal,flying,1,1,1,2,0.5,2,1,1,0,1,1,0.5,2,0,1,1,1,1
629,Vullaby,dark,flying,1,1,1,2,0.5,2,1,1,0,1,0,1,2,0.5,1,0.5,1,2
630,Mandibuzz,dark,flying,1,1,1,2,0.5,2,1,1,0,1,0,1,2,0.5,1,0.5,1,2
631,Heatmor,fire,,1,0.5,2,1,0.5,0.5,1,1,2,1,1,0.5,2,1,1,1,0.5,0.5
632,Durant,bug,steel,0.5,4,1,1,0.25,0.5,1,0,1,1,0.5,0.5,1,1,0.5,1,0.5,0.5
633,Deino,dark,dragon,1,0.5,0.5,0.5,0.5,2,2,1,1,1,0,2,1,0.5,2,0.5,1,4
634,Zweilous,dark,dragon,1,0.5,0.5,0.5,0.5,2,2,1,1,1,0,2,1,0.5,2,0.5,1,4
635,Hydreigon,dark,dragon,1,0.5,0.5,0.5,0.5,2,2,1,1,1,0,2,1,0.5,2,0.5,1,4
636,Larvesta,bug,fire,1,1,2,1,0.25,0.5,0.5,1,1,2,1,0.5,4,1,1,1,0.5,0.5
637,Volcarona,bug,fire,1,1,2,1,0.25,0.5,0.5,1,1,2,1,0.5,4,1,1,1,0.5,0.5
638,Cobalion,steel,fighting,0.5,2,1,1,0.5,0.5,2,0,2,1,1,0.25,0.25,1,0.5,0.5,0.5,1
639,Terrakion,rock,fighting,0.5,0.5,2,1,2,1,2,0.5,2,1,2,0.5,0.5,1,1,0.5,2,2
640,Virizion,grass,fighting,1,2,0.5,0.5,0.5,2,1,2,0.5,4,2,1,0.5,1,1,0.5,1,2
641,Tornadus,flying,,1,1,1,2,0.5,2,0.5,1,0,1,1,0.5,2,1,1,1,1,1
642,Thundurus,electric,flying,1,1,1,1,0.5,2,0.5,1,0,0.5,1,0.5,2,1,1,1,0.5,1
643,Reshiram,dragon,fire,1,0.25,1,0.5,0.25,1,1,1,2,1,1,0.5,2,1,2,1,0.5,1
644,Zekrom,dragon,electric,1,0.5,0.5,0.25,0.5,2,1,1,2,0.5,1,1,1,1,2,1,0.5,2
645,Landorus,ground,flying,1,1,2,0,1,4,0.5,0.5,0,1,1,0.5,1,1,1,1,1,1
646,Kyurem,dragon,ice,1,1,0.5,0.5,0.5,1,2,1,1,1,1,1,2,1,2,1,2,2
647,Keldeo,water,fighting,1,0.5,0.5,2,2,0.5,1,1,1,2,2,0.5,0.5,1,1,0.5,0.5,2
648,Meloetta,normal,psychic,1,1,1,1,1,1,1,1,1,1,0.5,2,1,0,1,2,1,1
649,Genesect,bug,steel,0.5,4,1,1,0.25,0.5,1,0,1,1,0.5,0.5,1,1,0.5,1,0.5,0.5
650,Chespin,grass,,1,2,0.5,0.5,0.5,2,1,2,0.5,2,1,2,1,1,1,1,1,1
651,Quilladin,grass,,1,2,0.5,0.5,0.5,2,1,2,0.5,2,1,2,1,1,1,1,1,1
652,Chesnaught,grass,fighting,1,2,0.5,0.5,0.5,2,1,2,0.5,4,2,1,0.5,1,1,0.5,1,2
653,Fennekin,fire,,1,0.5,2,1,0.5,0.5,1,1,2,1,1,0.5,2,1,1,1,0.5,0.5
654,Braixen,fire,,1,0.5,2,1,0.5,0.5,1,1,2,1,1,0.5,2,1,1,1,0.5,0.5
655,Delphox,fire,psychic,1,0.5,2,1,0.5,0.5,0.5,1,2,1,0.5,1,2,2,1,2,0.5,0.5
656,Froakie,water,,1,0.5,0.5,2,2,0.5,1,1,1,1,1,1,1,1,1,1,0.5,1
657,Frogadier,water,,1,0.5,0.5,2,2,0.5,1,1,1,1,1,1,1,1,1,1,0.5,1
658,Greninja,water,dark,1,0.5,0.5,2,2,0.5,2,1,1,1,0,2,1,0.5,1,0.5,0.5,2
659,Bunnelby,normal,,1,1,1,1,1,1,2,1,1,1,1,1,1,0,1,1,1,1
660,Diggersby,normal,ground,1,1,2,0,2,2,2,0.5,1,1,1,1,0.5,0,1,1,1,1
661,Fletchling,normal,flying,1,1,1,2,0.5,2,1,1,0,1,1,0.5,2,0,1,1,1,1
662,Fletchinder,fire,flying,1,0.5,2,2,0.25,1,0.5,1,0,1,1,0.25,4,1,1,1,0.5,0.5
663,Talonflame,fire,flying,1,0.5,2,2,0.25,1,0.5,1,0,1,1,0.25,4,1,1,1,0.5,0.5
664,Scatterbug,bug,,1,2,1,1,0.5,1,0.5,1,0.5,2,1,1,2,1,1,1,1,1
665,Spewpa,bug,,1,2,1,1,0.5,1,0.5,1,0.5,2,1,1,2,1,1,1,1,1
666,Vivillon,bug,flying,1,2,1,2,0.25,2,0.25,1,0,2,1,0.5,4,1,1,1,1,1
667,Litleo,fire,normal,1,0.5,2,1,0.5,0.5,2,1,2,1,1,0.5,2,0,1,1,0.5,0.5
668,Pyroar,fire,normal,1,0.5,2,1,0.5,0.5,2,1,2,1,1,0.5,2,0,1,1,0.5,0.5
669,Flabébé,fairy,,1,1,1,1,1,1,0.5,2,1,1,1,0.5,1,1,0,0.5,2,1
670,Floette,fairy,,1,1,1,1,1,1,0.5,2,1,1,1,0.5,1,1,0,0.5,2,1
671,Florges,fairy,,1,1,1,1,1,1,0.5,2,1,1,1,0.5,1,1,0,0.5,2,1
672,Skiddo,grass,,1,2,0.5,0.5,0.5,2,1,2,0.5,2,1,2,1,1,1,1,1,1
673,Gogoat,grass,,1,2,0.5,0.5,0.5,2,1,2,0.5,2,1,2,1,1,1,1,1,1
674,Pancham,fighting,,1,1,1,1,1,1,1,1,1,2,2,0.5,0.5,1,1,0.5,1,2
675,Pangoro,fighting,dark,1,1,1,1,1,1,2,1,1,2,0,1,0.5,0.5,1,0.25,1,4
676,Furfrou,normal,,1,1,1,1,1,1,2,1,1,1,1,1,1,0,1,1,1,1
677,Espurr,psychic,,1,1,1,1,1,1,0.5,1,1,1,0.5,2,1,2,1,2,1,1
678,Meowstic,psychic,,1,1,1,1,1,1,0.5,1,1,1,0.5,2,1,2,1,2,1,1
679,Honedge,steel,ghost,0,2,1,1,0.5,0.5,0,0,2,0.5,0.5,0.25,0.5,2,0.5,2,0.5,0.5
680,Doublade,steel,ghost,0,2,1,1,0.5,0.5,0,0,2,0.5,0.5,0.25,0.5,2,0.5,2,0.5,0.5
681,Aegislash,steel,ghost,0,2,1,1,0.5,0.5,0,0,2,0.5,0.5,0.25,0.5,2,0.5,2,0.5,0.5
682,Spritzee,fairy,,1,1,1,1,1,1,0.5,2,1,1,1,0.5,1,1,0,0.5,2,1
683,Aromatisse,fairy,,1,1,1,1,1,1,0.5,2,1,1,1,0.5,1,1,0,0.5,2,1
684,Swirlix,fairy,,1,1,1,1,1,1,0.5,2,1,1,1,0.5,1,1,0,0.5,2,1
685,Slurpuff,fairy,,1,1,1,1,1,1,0.5,2,1,1,1,0.5,1,1,0,0.5,2,1
686,Inkay,dark,psychic,1,1,1,1,1,1,1,1,1,1,0,4,1,1,1,1,1,2
687,Malamar,dark,psychic,1,1,1,1,1,1,1,1,1,1,0,4,1,1,1,1,1,2
688,Binacle,rock,water,0.5,0.25,1,2,4,0.5,2,0.5,2,0.5,1,1,1,1,1,1,1,1
689,Barbaracle,rock,water,0.5,0.25,1,2,4,0.5,2,0.5,2,0.5,1,1,1,1,1,1,1,1
690,Skrelp,poison,water,1,0.5,0.5,2,1,0.5,0.5,0.5,2,1,2,0.5,1,1,1,1,0.5,0.5
691,Dragalge,poison,dragon,1,0.5,0.5,0.5,0.25,2,0.5,0.5,2,1,2,0.5,1,1,2,1,1,1
692,Clauncher,water,,1,0.5,0.5,2,2,0.5,1,1,1,1,1,1,1,1,1,1,0.5,1
693,Clawitzer,water,,1,0.5,0.5,2,2,0.5,1,1,1,1,1,1,1,1,1,1,0.5,1
694,Helioptile,electric,normal,1,1,1,0.5,1,1,2,1,2,0.5,1,1,1,0,1,1,0.5,1
695,Heliolisk,electric,normal,1,1,1,0.5,1,1,2,1,2,0.5,1,1,1,0,1,1,0.5,1
696,Tyrunt,rock,dragon,0.5,0.25,1,0.5,1,2,2,0.5,2,0.5,1,1,1,1,2,1,2,2
697,Tyrantrum,rock,dragon,0.5,0.25,1,0.5,1,2,2,0.5,2,0.5,1,1,1,1,2,1,2,2
698,Amaura,rock,ice,0.5,1,2,1,2,0.5,4,0.5,2,0.5,1,1,2,1,1,1,4,1
699,Aurorus,rock,ice,0.5,1,2,1,2,0.5,4,0.5,2,0.5,1,1,2,1,1,1,4,1
700,Sylveon,fairy,,1,1,1,1,1,1,0.5,2,1,1,1,0.5,1,1,0,0.5,2,1
701,Hawlucha,fighting,flying,1,1,1,2,0.5,2,0.5,1,0,2,2,0.25,1,1,1,0.5,1,2
702,Dedenne,electric,fairy,1,1,1,0.5,1,1,0.5,2,2,0.5,1,0.5,1,1,0,0.5,1,1
703,Carbink,rock,fairy,0.5,0.5,2,1,2,1,1,1,2,0.5,1,0.5,1,1,0,0.5,4,1
704,Goomy,dragon,,1,0.5,0.5,0.5,0.5,2,1,1,1,1,1,1,1,1,2,1,1,2
705,Sliggoo,dragon,,1,0.5,0.5,0.5,0.5,2,1,1,1,1,1,1,1,1,2,1,1,2
706,Goodra,dragon,,1,0.5,0.5,0.5,0.5,2,1,1,1,1,1,1,1,1,2,1,1,2
707,Klefki,steel,fairy,0.5,2,1,1,0.5,0.5,1,0,2,0.5,0.5,0.25,0.5,1,0,0.5,1,0.5
708,Phantump,ghost,grass,0,2,0.5,0.5,0.5,2,0,1,0.5,2,1,1,1,2,1,2,1,1
709,Trevenant,ghost,grass,0,2,0.5,0.5,0.5,2,0,1,0.5,2,1,1,1,2,1,2,1,1
710,Pumpkaboo,ghost,grass,0,2,0.5,0.5,0.5,2,0,1,0.5,2,1,1,1,2,1,2,1,1
711,Gourgeist,ghost,grass,0,2,0.5,0.5,0.5,2,0,1,0.5,2,1,1,1,2,1,2,1,1
712,Bergmite,ice,,1,2,1,1,1,0.5,2,1,1,1,1,1,2,1,1,1,2,1
713,Avalugg,ice,,1,2,1,1,1,0.5,2,1,1,1,1,1,2,1,1,1,2,1
714,Noibat,flying,dragon,1,0.5,0.5,1,0.25,4,0.5,1,0,1,1,0.5,2,1,2,1,1,2
715,Noivern,flying,dragon,1,0.5,0.5,1,0.25,4,0.5,1,0,1,1,0.5,2,1,2,1,1,2
716,Xerneas,fairy,,1,1,1,1,1,1,0.5,2,1,1,1,0.5,1,1,0,0.5,2,1
717,Yveltal,dark,flying,1,1,1,2,0.5,2,1,1,0,1,0,1,2,0.5,1,0.5,1,2
718,Zygarde,dragon,ground,1,0.5,1,0,1,4,1,0.5,1,1,1,1,0.5,1,2,1,1,2
719,Diancie,rock,fairy,0.5,0.5,2,1,2,1,1,1,2,0.5,1,0.5,1,1,0,0.5,4,1
720,Hoopa,psychic,ghost,0,1,1,1,1,1,0,0.5,1,1,0.5,1,1,4,1,4,1,1
721,Volcanion,fire,water,1,0.25,1,2,1,0.25,1,1,2,1,1,0.5,2,1,1,1,0.25,0.5
722,Rowlet,grass,flying,1,2,0.5,1,0.25,4,0.5,2,0,2,1,1,2,1,1,1,1,1
723,Dartrix,grass,flying,1,2,0.5,1,0.25,4,0.5,2,0,2,1,1,2,1,1,1,1,1
724,Decidueye,grass,ghost,0,2,0.5,0.5,0.5,2,0,1,0.5,2,1,1,1,2,1,2,1,1
725,Litten,fire,,1,0.5,2,1,0.5,0.5,1,1,2,1,1,0.5,2,1,1,1,0.5,0.5
726,Torracat,fire,,1,0.5,2,1,0.5,0.5,1,1,2,1,1,0.5,2,1,1,1,0.5,0.5
727,Incineroar,fire,dark,1,0.5,2,1,0.5,0.5,2,1,2,1,0,1,2,0.5,1,0.5,0.5,1
728,Popplio,water,,1,0.5,0.5,2,2,0.5,1,1,1,1,1,1,1,1,1,1,0.5,1
729,Brionne,water,,1,0.5,0.5,2,2,0.5,1,1,1,1,1,1,1,1,1,1,0.5,1
730,Primarina,water,fairy,1,0.5,0.5,2,2,0.5,0.5,2,1,1,1,0.5,1,1,0,0.5,1,1
731,Pikipek,normal,flying,1,1,1,2,0.5,2,1,1,0,1,1,0.5,2,0,1,1,1,1
732,Trumbeak,normal,flying,1,1,1,2,0.5,2,1,1,0,1,1,0.5,2,0,1,1,1,1
733,Toucannon,normal,flying,1,1,1,2,0.5,2,1,1,0,1,1,0.5,2,0,1,1,1,1
734,Yungoos,normal,,1,1,1,1,1,1,2,1,1,1,1,1,1,0,1,1,1,1
735,Gumshoos,normal,,1,1,1,1,1,1,2,1,1,1,1,1,1,0,1,1,1,1
736,Grubbin,bug,,1,2,1,1,0.5,1,0.5,1,0.5,2,1,1,2,1,1,1,1,1
737,Charjabug,bug,electric,1,2,1,0.5,0.5,1,0.5,1,1,1,1,1,2,1,1,1,0.5,1
738,Vikavolt,bug,electric,1,2,1,0.5,0.5,1,0.5,1,1,1,1,1,2,1,1,1,0.5,1
739,Crabrawler,fighting,,1,1,1,1,1,1,1,1,1,2,2,0.5,0.5,1,1,0.5,1,2
740,Crabominable,fighting,ice,1,2,1,1,1,0.5,2,1,1,2,2,0.5,1,1,1,0.5,2,2
741,Oricorio,fire,flying,1,0.5,2,2,0.25,1,0.5,1,0,1,1,0.25,4,1,1,1,0.5,0.5
742,Cutiefly,bug,fairy,1,2,1,1,0.5,1,0.25,2,0.5,2,1,0.5,2,1,0,0.5,2,1
743,Ribombee,bug,fairy,1,2,1,1,0.5,1,0.25,2,0.5,2,1,0.5,2,1,0,0.5,2,1
744,Rockruff,rock,,0.5,0.5,2,1,2,1,2,0.5,2,0.5,1,1,1,1,1,1,2,1
745,Lycanroc,rock,,0.5,0.5,2,1,2,1,2,0.5,2,0.5,1,1,1,1,1,1,2,1
746,Wishiwashi,water,,1,0.5,0.5,2,2,0.5,1,1,1,1,1,1,1,1,1,1,0.5,1
747,Mareanie,poison,water,1,0.5,0.5,2,1,0.5,0.5,0.5,2,1,2,0.5,1,1,1,1,0.5,0.5
748,Toxapex,poison,water,1,0.5,0.5,2,1,0.5,0.5,0.5,2,1,2,0.5,1,1,1,1,0.5,0.5
749,Mudbray,ground,,1,1,2,0,2,2,1,0.5,1,1,1,1,0.5,1,1,1,1,1
750,Mudsdale,ground,,1,1,2,0,2,2,1,0.5,1,1,1,1,0.5,1,1,1,1,1
751,Dewpider,water,bug,1,1,0.5,2,1,0.5,0.5,1,0.5,2,1,1,2,1,1,1,0.5,1
752,Araquanid,water,bug,1,1,0.5,2,1,0.5,0.5,1,0.5,2,1,1,2,1,1,1,0.5,1
753,Fomantis,grass,,1,2,0.5,0.5,0.5,2,1,2,0.5,2,1,2,1,1,1,1,1,1
754,Lurantis,grass,,1,2,0.5,0.5,0.5,2,1,2,0.5,2,1,2,1,1,1,1,1,1
755,Morelull,grass,fairy,1,2,0.5,0.5,0.5,2,0.5,4,0.5,2,1,1,1,1,0,0.5,2,1
756,Shiinotic,grass,fairy,1,2,0.5,0.5,0.5,2,0.5,4,0.5,2,1,1,1,1,0,0.5,2,1
757,Salandit,poison,fire,1,0.5,2,1,0.25,0.5,0.5,0.5,4,1,2,0.25,2,1,1,1,0.5,0.25
758,Salazzle,poison,fire,1,0.5,2,1,0.25,0.5,0.5,0.5,4,1,2,0.25,2,1,1,1,0.5,0.25
759,Stufful,normal,fighting,1,1,1,1,1,1,2,1,1,2,2,0.5,0.5,0,1,0.5,1,2
760,Bewear,normal,fighting,1,1,1,1,1,1,2,1,1,2,2,0.5,0.5,0,1,0.5,1,2
761,Bounsweet,grass,,1,2,0.5,0.5,0.5,2,1,2,0.5,2,1,2,1,1,1,1,1,1
762,Steenee,grass,,1,2,0.5,0.5,0.5,2,1,2,0.5,2,1,2,1,1,1,1,1,1
763,Tsareena,grass,,1,2,0.5,0.5,0.5,2,1,2,0.5,2,1,2,1,1,1,1,1,1
764,Comfey,fairy,,1,1,1,1,1,1,0.5,2,1,1,1,0.5,1,1,0,0.5,2,1
765,Oranguru,normal,psychic,1,1,1,1,1,1,1,1,1,1,0.5,2,1,0,1,2,1,1
766,Passimian,fighting,,1,1,1,1,1,1,1,1,1,2,2,0.5,0.5,1,1,0.5,1,2
767,Wimpod,bug,water,1,1,0.5,2,1,0.5,0.5,1,0.5,2,1,1,2,1,1,1,0.5,1
768,Golisopod,bug,water,1,1,0.5,2,1,0.5,0.5,1,0.5,2,1,1,2,1,1,1,0.5,1
769,Sandygast,ghost,ground,0,1,2,0,2,2,0,0.25,1,1,1,0.5,0.5,2,1,2,1,1
770,Palossand,ghost,ground,0,1,2,0,2,2,0,0.25,1,1,1,0.5,0.5,2,1,2,1,1
771,Pyukumuku,water,,1,0.5,0.5,2,2,0.5,1,1,1,1,1,1,1,1,1,1,0.5,1
772,Type: Null,normal,,1,1,1,1,1,1,2,1,1,1,1,1,1,0,1,1,1,1
773,Silvally,normal,,1,1,1,1,1,1,2,1,1,1,1,1,1,0,1,1,1,1
774,Minior,rock,flying,0.5,0.5,2,2,1,2,1,0.5,0,0.5,1,0.5,2,1,1,1,2,1
775,Komala,normal,,1,1,1,1,1,1,2,1,1,1,1,1,1,0,1,1,1,1
776,Turtonator,fire,dragon,1,0.25,1,0.5,0.25,1,1,1,2,1,1,0.5,2,1,2,1,0.5,1
777,Togedemaru,electric,steel,0.5,2,1,0.5,0.5,0.5,2,0,4,0.25,0.5,0.5,0.5,1,0.5,1,0.25,0.5
778,Mimikyu,ghost,fairy,0,1,1,1,1,1,0,1,1,1,1,0.25,1,2,0,1,2,1
779,Bruxish,water,psychic,1,0.5,0.5,2,2,0.5,0.5,1,1,1,0.5,2,1,2,1,2,0.5,1
780,Drampa,normal,dragon,1,0.5,0.5,0.5,0.5,2,2,1,1,1,1,1,1,0,2,1,1,2
781,Dhelmise,ghost,grass,0,2,0.5,0.5,0.5,2,0,1,0.5,2,1,1,1,2,1,2,1,1
782,Jangmo-o,dragon,,1,0.5,0.5,0.5,0.5,2,1,1,1,1,1,1,1,1,2,1,1,2
783,Hakamo-o,dragon,fighting,1,0.5,0.5,0.5,0.5,2,1,1,1,2,2,0.5,0.5,1,2,0.5,1,4
784,Kommo-o,dragon,fighting,1,0.5,0.5,0.5,0.5,2,1,1,1,2,2,0.5,0.5,1,2,0.5,1,4
785,Tapu Koko,electric,fairy,1,1,1,0.5,1,1,0.5,2,2,0.5,1,0.5,1,1,0,0.5,1,1
786,Tapu Lele,psychic,fairy,1,1,1,1,1,1,0.25,2,1,1,0.5,1,1,2,0,1,2,1
787,Tapu Bulu,grass,fairy,1,2,0.5,0.5,0.5,2,0.5,4,0.5,2,1,1,1,1,0,0.5,2,1
788,Tapu Fini,water,fairy,1,0.5,0.5,2,2,0.5,0.5,2,1,1,1,0.5,1,1,0,0.5,1,1
789,Cosmog,psychic,,1,1,1,1,1,1,0.5,1,1,1,0.5,2,1,2,1,2,1,1
790,Cosmoem,psychic,,1,1,1,1,1,1,0.5,1,1,1,0.5,2,1,2,1,2,1,1
791,Solgaleo,psychic,steel,0.5,2,1,1,0.5,0.5,1,0,2,0.5,0.25,1,0.5,2,0.5,2,0.5,0.5
792,Lunala,psychic,ghost,0,1,1,1,1,1,0,0.5,1,1,0.5,1,1,4,1,4,1,1
793,Nihilego,rock,poison,0.5,0.5,2,1,1,1,1,0.25,4,0.5,2,0.5,1,1,1,1,2,0.5
794,Buzzwole,bug,fighting,1,2,1,1,0.5,1,0.5,1,0.5,4,2,0.5,1,1,1,0.5,1,2
795,Pheromosa,bug,fighting,1,2,1,1,0.5,1,0.5,1,0.5,4,2,0.5,1,1,1,0.5,1,2
796,Xurkitree,electric,,1,1,1,0.5,1,1,1,1,2,0.5,1,1,1,1,1,1,0.5,1
797,Celesteela,steel,flying,0.5,2,1,2,0.25,1,1,0,0,0.5,0.5,0.25,1,1,0.5,1,0.5,0.5
798,Kartana,grass,steel,0.5,4,0.5,0.5,0.25,1,2,0,1,1,0.5,1,0.5,1,0.5,1,0.5,0.5
799,Guzzlord,dark,dragon,1,0.5,0.5,0.5,0.5,2,2,1,1,1,0,2,1,0.5,2,0.5,1,4
800,Necrozma,psychic,psychic,1,1,1,1,1,1,0.5,1,1,1,0.5,2,1,2,1,2,1,1
801,Magearna,steel,fairy,0.5,2,1,1,0.5,0.5,1,0,2,0.5,0.5,0.25,0.5,1,0,0.5,1,0.5
802,Marshadow,fighting,ghost,0,1,1,1,1,1,0,0.5,1,2,2,0.25,0.5,2,1,1,1,2
803,Poipole,poison,,1,1,1,1,0.5,1,0.5,0.5,2,1,2,0.5,1,1,1,1,1,0.5
804,Naganadel,poison,dragon,1,0.5,0.5,0.5,0.25,2,0.5,0.5,2,1,2,0.5,1,1,2,1,1,1
805,Stakataka,rock,steel,0.25,1,2,1,1,0.5,4,0,4,0.25,0.5,0.5,0.5,1,0.5,1,1,0.5
806,Blacephalon,fire,ghost,0,0.5,2,1,0.5,0.5,0,0.5,2,1,1,0.25,2,2,1,2,0.5,0.5
807,Zeraora,electric,,1,1,1,0.5,1,1,1,1,2,0.5,1,1,1,1,1,1,0.5,1
808,Meltan,steel,,0.5,2,1,1,0.5,0.5,2,0,2,0.5,0.5,0.5,0.5,1,0.5,1,0.5,0.5
809,Melmetal,steel,,0.5,2,1,1,0.5,0.5,2,0,2,0.5,0.5,0.5,0.5,1,0.5,1,0.5,0.5
810,Grookey,grass,,1,2,0.5,0.5,0.5,2,1,2,0.5,2,1,2,1,1,1,1,1,1
811,Thwackey,grass,,1,2,0.5,0.5,0.5,2,1,2,0.5,2,1,2,1,1,1,1,1,1
812,Rillaboom,grass,,1,2,0.5,0.5,0.5,2,1,2,0.5,2,1,2,1,1,1,1,1,1
813,Scorbunny,fire,,1,0.5,2,1,0.5,0.5,1,1,2,1,1,0.5,2,1,1,1,0.5,0.5
814,Raboot,fire,,1,0.5,2,1,0.5,0.5,1,1,2,1,1,0.5,2,1,1,1,0.5,0.5
815,Cinderace,fire,,1,0.5,2,1,0.5,0.5,1,1,2,1,1,0.5,2,1,1,1,0.5,0.5
816,Sobble,water,,1,0.5,0.5,2,2,0.5,1,1,1,1,1,1,1,1,1,1,0.5,1
817,Drizzile,water,,1,0.5,0.5,2,2,0.5,1,1,1,1,1,1,1,1,1,1,0.5,1
818,Inteleon,water,,1,0.5,0.5,2,2,0.5,1,1,1,1,1,1,1,1,1,1,0.5,1
819,Skwovet,normal,,1,1,1,1,1,1,2,1,1,1,1,1,1,0,1,1,1,1
820,Greedent,normal,,1,1,1,1,1,1,2,1,1,1,1,1,1,0,1,1,1,1
821,Rookidee,flying,,1,1,1,2,0.5,2,0.5,1,0,1,1,0.5,2,1,1,1,1,1
822,Corvisquire,flying,,1,1,1,2,0.5,2,0.5,1,0,1,1,0.5,2,1,1,1,1,1
823,Corviknight,flying,steel,0.5,2,1,2,0.25,1,1,0,0,0.5,0.5,0.25,1,1,0.5,1,0.5,0.5
824,Blipbug,bug,,1,2,1,1,0.5,1,0.5,1,0.5,2,1,1,2,1,1,1,1,1
825,Dottler,bug,psychic,1,2,1,1,0.5,1,0.25,1,0.5,2,0.5,2,2,2,1,2,1,1
826,Orbeetle,bug,psychic,1,2,1,1,0.5,1,0.25,1,0.5,2,0.5,2,2,2,1,2,1,1
827,Nickit,dark,,1,1,1,1,1,1,2,1,1,1,0,2,1,0.5,1,0.5,1,2
828,Thievul,dark,,1,1,1,1,1,1,2,1,1,1,0,2,1,0.5,1,0.5,1,2
829,Gossifleur,grass,,1,2,0.5,0.5,0.5,2,1,2,0.5,2,1,2,1,1,1,1,1,1
830,Eldegoss,grass,,1,2,0.5,0.5,0.5,2,1,2,0.5,2,1,2,1,1,1,1,1,1
831,Wooloo,normal,,1,1,1,1,1,1,2,1,1,1,1,1,1,0,1,1,1,1
832,Dubwool,normal,,1,1,1,1,1,1,2,1,1,1,1,1,1,0,1,1,1,1
833,Chewtle,water,,1,0.5,0.5,2,2,0.5,1,1,1,1,1,1,1,1,1,1,0.5,1
834,Drednaw,water,rock,0.5,0.25,1,2,4,0.5,2,0.5,2,0.5,1,1,1,1,1,1,1,1
835,Yamper,electric,,1,1,1,0.5,1,1,1,1,2,0.5,1,1,1,1,1,1,0.5,1
836,Boltund,electric,,1,1,1,0.5,1,1,1,1,2,0.5,1,1,1,1,1,1,0.5,1
837,Rolycoly,rock,,0.5,0.5,2,1,2,1,2,0.5,2,0.5,1,1,1,1,1,1,2,1
838,Carkol,rock,fire,0.5,0.25,4,1,1,0.5,2,0.5,4,0.5,1,0.5,2,1,1,1,1,0.5
839,Coalossal,rock,fire,0.5,0.25,4,1,1,0.5,2,0.5,4,0.5,1,0.5,2,1,1,1,1,0.5
840,Applin,grass,dragon,1,1,0.25,0.25,0.25,4,1,2,0.5,2,1,2,1,1,2,1,1,2
841,Flapple,grass,dragon,1,1,0.25,0.25,0.25,4,1,2,0.5,2,1,2,1,1,2,1,1,2
842,Appletun,grass,dragon,1,1,0.25,0.25,0.25,4,1,2,0.5,2,1,2,1,1,2,1,1,2
843,Silicobra,ground,,1,1,2,0,2,2,1,0.5,1,1,1,1,0.5,1,1,1,1,1
844,Sandaconda,ground,,1,1,2,0,2,2,1,0.5,1,1,1,1,0.5,1,1,1,1,1
845,Cramorant,flying,water,1,0.5,0.5,4,1,1,0.5,1,0,1,1,0.5,2,1,1,1,0.5,1
846,Arrokuda,water,,1,0.5,0.5,2,2,0.5,1,1,1,1,1,1,1,1,1,1,0.5,1
847,Barraskewda,water,,1,0.5,0.5,2,2,0.5,1,1,1,1,1,1,1,1,1,1,0.5,1
848,Toxel,electric,poison,1,1,1,0.5,0.5,1,0.5,0.5,4,0.5,2,0.5,1,1,1,1,0.5,0.5
849,Toxtricity,electric,poison,1,1,1,0.5,0.5,1,0.5,0.5,4,0.5,2,0.5,1,1,1,1,0.5,0.5
850,Sizzlipede,fire,bug,1,1,2,1,0.25,0.5,0.5,1,1,2,1,0.5,4,1,1,1,0.5,0.5
851,Centiskorch,fire,bug,1,1,2,1,0.25,0.5,0.5,1,1,2,1,0.5,4,1,1,1,0.5,0.5
852,Clobbopus,fighting,,1,1,1,1,1,1,1,1,1,2,2,0.5,0.5,1,1,0.5,1,2
853,Grapploct,fighting,,1,1,1,1,1,1,1,1,1,2,2,0.5,0.5,1,1,0.5,1,2
854,Sinistea,ghost,,0,1,1,1,1,1,0,0.5,1,1,1,0.5,1,2,1,2,1,1
855,Polteageist,ghost,,0,1,1,1,1,1,0,0.5,1,1,1,0.5,1,2,1,2,1,1
856,Hatenna,psychic,,1,1,1,1,1,1,0.5,1,1,1,0.5,2,1,2,1,2,1,1
857,Hattrem,psychic,,1,1,1,1,1,1,0.5,1,1,1,0.5,2,1,2,1,2,1,1
858,Hatterene,psychic,fairy,1,1,1,1,1,1,0.25,2,1,1,0.5,1,1,2,0,1,2,1
859,Impidimp,dark,fairy,1,1,1,1,1,1,1,2,1,1,0,1,1,0.5,0,0.25,2,2
860,Morgrem,dark,fairy,1,1,1,1,1,1,1,2,1,1,0,1,1,0.5,0,0.25,2,2
861,Grimmsnarl,dark,fairy,1,1,1,1,1,1,1,2,1,1,0,1,1,0.5,0,0.25,2,2
862,Obstagoon,dark,normal,1,1,1,1,1,1,4,1,1,1,0,2,1,0,1,0.5,1,2
863,Perrserker,steel,,0.5,2,1,1,0.5,0.5,2,0,2,0.5,0.5,0.5,0.5,1,0.5,1,0.5,0.5
864,Cursola,ghost,,0,1,1,1,1,1,0,0.5,1,1,1,0.5,1,2,1,2,1,1
865,Sirfetch'd,fighting,,1,1,1,1,1,1,1,1,1,2,2,0.5,0.5,1,1,0.5,1,2
866,Mr. Rime,ice,psychic,1,2,1,1,1,0.5,1,1,1,1,0.5,2,2,2,1,2,2,1
867,Runerigus,ground,ghost,0,1,2,0,2,2,0,0.25,1,1,1,0.5,0.5,2,1,2,1,1
868,Milcery,fairy,,1,1,1,1,1,1,0.5,2,1,1,1,0.5,1,1,0,0.5,2,1
869,Alcremie,fairy,,1,1,1,1,1,1,0.5,2,1,1,1,0.5,1,1,0,0.5,2,1
870,Falinks,fighting,,1,1,1,1,1,1,1,1,1,2,2,0.5,0.5,1,1,0.5,1,2
871,Pincurchin,electric,,1,1,1,0.5,1,1,1,1,2,0.5,1,1,1,1,1,1,0.5,1
872,Snom,ice,bug,1,4,1,1,0.5,0.5,1,1,0.5,2,1,1,4,1,1,1,2,1
873,Frosmoth,ice,bug,1,4,1,1,0.5,0.5,1,1,0.5,2,1,1,4,1,1,1,2,1
874,Stonjourner,rock,,0.5,0.5,2,1,2,1,2,0.5,2,0.5,1,1,1,1,1,1,2,1
875,Eiscue,ice,,1,2,1,1,1,0.5,2,1,1,1,1,1,2,1,1,1,2,1
876,Indeedee,psychic,normal,1,1,1,1,1,1,1,1,1,1,0.5,2,1,0,1,2,1,1
877,Morpeko,electric,dark,1,1,1,0.5,1,1,2,1,2,0.5,0,2,1,0.5,1,0.5,0.5,2
878,Cufant,steel,,0.5,2,1,1,0.5,0.5,2,0,2,0.5,0.5,0.5,0.5,1,0.5,1,0.5,0.5
879,Copperajah,steel,,0.5,2,1,1,0.5,0.5,2,0,2,0.5,0.5,0.5,0.5,1,0.5,1,0.5,0.5
880,Dracozolt,electric,dragon,1,0.5,0.5,0.25,0.5,2,1,1,2,0.5,1,1,1,1,2,1,0.5,2
881,Arctozolt,electric,ice,1,2,1,0.5,1,0.5,2,1,2,0.5,1,1,2,1,1,1,1,1
882,Dracovish,water,dragon,1,0.25,0.25,1,1,1,1,1,1,1,1,1,1,1,2,1,0.5,2
883,Arctovish,water,ice,1,1,0.5,2,2,0.25,2,1,1,1,1,1,2,1,1,1,1,1
884,Duraludon,steel,dragon,0.5,1,0.5,0.5,0.25,1,2,0,2,0.5,0.5,0.5,0.5,1,1,1,0.5,1
885,Dreepy,dragon,ghost,0,0.5,0.5,0.5,0.5,2,0,0.5,1,1,1,0.5,1,2,2,2,1,2
886,Drakloak,dragon,ghost,0,0.5,0.5,0.5,0.5,2,0,0.5,1,1,1,0.5,1,2,2,2,1,2
887,Dragapult,dragon,ghost,0,0.5,0.5,0.5,0.5,2,0,0.5,1,1,1,0.5,1,2,2,2,1,2
888,Zacian,fairy,fairy,1,1,1,1,1,1,0.5,2,1,1,1,0.5,1,1,0,0.5,2,1
889,Zamazenta,fighting,fighting,1,1,1,1,1,1,1,1,1,2,2,0.5,0.5,1,1,0.5,1,2
890,Eternatus,poison,dragon,1,0.5,0.5,0.5,0.25,2,0.5,0.5,2,1,2,0.5,1,1,2,1,1,1
891,Kubfu,fighting,,1,1,1,1,1,1,1,1,1,2,2,0.5,0.5,1,1,0.5,1,2
892,Urshifu,fighting,dark,1,1,1,1,1,1,2,1,1,2,0,1,0.5,0.5,1,0.25,1,4
893,Zarude,dark,grass,1,2,0.5,0.5,0.5,2,2,2,0.5,2,0,4,1,0.5,1,0.5,1,2
894,Regieleki,electric,,1,1,1,0.5,1,1,1,1,2,0.5,1,1,1,1,1,1,0.5,1
895,Regidrago,dragon,,1,0.5,0.5,0.5,0.5,2,1,1,1,1,1,1,1,1,2,1,1,2
896,Glastrier,ice,,1,2,1,1,1,0.5,2,1,1,1,1,1,2,1,1,1,2,1
897,Spectrier,ghost,,0,1,1,1,1,1,0,0.5,1,1,1,0.5,1,2,1,2,1,1
898,Calyrex,psychic,grass,1,2,0.5,0.5,0.5,2,0.5,2,0.5,2,0.5,4,1,2,1,2,1,1
